Workbook
Name R_HDR: '결과기록'!$1:$1
Name R_BODY: '결과기록'!$A$2:$CZ$100000
Name R_ID: INDEX(R_BODY,0,MATCH("기록ID",R_HDR,0))
Name R_LAST: MATCH(REPT("z",50),R_ID)
Name L_ID: INDEX(R_ID,1):INDEX(R_ID,R_LAST)
Name D_HDR: '측정데이터'!$1:$1
Name D_BODY: '측정데이터'!$A$2:$J$1000000
Name D_ID: INDEX(D_BODY,0,MATCH("기록ID",D_HDR,0))
Name D_LOT: INDEX(D_BODY,0,MATCH("Lot",D_HDR,0))
Name D_SEQ: INDEX(D_BODY,0,MATCH("순번",D_HDR,0))
Name D_VAL: INDEX(D_BODY,0,MATCH("값",D_HDR,0))

Sheet SPC Chart
A1: SPC Chart
A3: 기록 선택 ▶ | K3: =IF('계산'!$B$1="","(표시할 기록 없음 - 설정 안내 시트 참고)","표시 중: "&'계산'!$B$1) | Q3: =IF('계산'!$AN$3="","","저장일시 "&'계산'!$AN$3&" 작성자 "&'계산'!$AN$4&" 부분군 "&'계산'!$AN$14)
A4: 1. Specification | E4: 3. 측정Data
A5: 고객명 | C5: ='계산'!$AN$7 | E5: 공정명 | G5: ='계산'!$AN$9 | T5: 항 목 | W5: ='계산'!$AN$10 | AC5: 측정 일자 | AF5: ='계산'!$AN$12
E6: Lot Date | G6: ='계산'!$T$2&"" | H6: ='계산'!$T$3&"" | I6: ='계산'!$T$4&"" | J6: ='계산'!$T$5&"" | K6: ='계산'!$T$6&"" | L6: ='계산'!$T$7&"" | M6: ='계산'!$T$8&"" | N6: ='계산'!$T$9&"" | O6: ='계산'!$T$10&"" | P6: ='계산'!$T$11&"" | Q6: ='계산'!$T$12&"" | R6: ='계산'!$T$13&"" | S6: ='계산'!$T$14&"" | T6: ='계산'!$T$15&"" | U6: ='계산'!$T$16&"" | V6: ='계산'!$T$17&"" | W6: ='계산'!$T$18&"" | X6: ='계산'!$T$19&"" | Y6: ='계산'!$T$20&"" | Z6: ='계산'!$T$21&"" | AA6: ='계산'!$T$22&"" | AB6: ='계산'!$T$23&"" | AC6: ='계산'!$T$24&"" | AD6: ='계산'!$T$25&"" | AE6: ='계산'!$T$26&"" | AF6: ='계산'!$T$27&"" | AG6: ='계산'!$T$28&"" | AH6: ='계산'!$T$29&"" | AI6: ='계산'!$T$30&"" | AJ6: ='계산'!$T$31&""
A7: 품 명 | C7: ='계산'!$AN$8 | E7: 1 | G7: =IF(G$6="","",IFERROR(INDEX('계산'!$E$12:$E$761,MATCH("1|1",'계산'!$G$12:$G$761,0)),"")) | H7: =IF(H$6="","",IFERROR(INDEX('계산'!$E$12:$E$761,MATCH("2|1",'계산'!$G$12:$G$761,0)),"")) | I7: =IF(I$6="","",IFERROR(INDEX('계산'!$E$12:$E$761,MATCH("3|1",'계산'!$G$12:$G$761,0)),"")) | J7: =IF(J$6="","",IFERROR(INDEX('계산'!$E$12:$E$761,MATCH("4|1",'계산'!$G$12:$G$761,0)),"")) | K7: =IF(K$6="","",IFERROR(INDEX('계산'!$E$12:$E$761,MATCH("5|1",'계산'!$G$12:$G$761,0)),"")) | L7: =IF(L$6="","",IFERROR(INDEX('계산'!$E$12:$E$761,MATCH("6|1",'계산'!$G$12:$G$761,0)),"")) | M7: =IF(M$6="","",IFERROR(INDEX('계산'!$E$12:$E$761,MATCH("7|1",'계산'!$G$12:$G$761,0)),"")) | N7: =IF(N$6="","",IFERROR(INDEX('계산'!$E$12:$E$761,MATCH("8|1",'계산'!$G$12:$G$761,0)),"")) | O7: =IF(O$6="","",IFERROR(INDEX('계산'!$E$12:$E$761,MATCH("9|1",'계산'!$G$12:$G$761,0)),"")) | P7: =IF(P$6="","",IFERROR(INDEX('계산'!$E$12:$E$761,MATCH("10|1",'계산'!$G$12:$G$761,0)),"")) | Q7: =IF(Q$6="","",IFERROR(INDEX('계산'!$E$12:$E$761,MATCH("11|1",'계산'!$G$12:$G$761,0)),"")) | R7: =IF(R$6="","",IFERROR(INDEX('계산'!$E$12:$E$761,MATCH("12|1",'계산'!$G$12:$G$761,0)),"")) | S7: =IF(S$6="","",IFERROR(INDEX('계산'!$E$12:$E$761,MATCH("13|1",'계산'!$G$12:$G$761,0)),"")) | T7: =IF(T$6="","",IFERROR(INDEX('계산'!$E$12:$E$761,MATCH("14|1",'계산'!$G$12:$G$761,0)),"")) | U7: =IF(U$6="","",IFERROR(INDEX('계산'!$E$12:$E$761,MATCH("15|1",'계산'!$G$12:$G$761,0)),"")) | V7: =IF(V$6="","",IFERROR(INDEX('계산'!$E$12:$E$761,MATCH("16|1",'계산'!$G$12:$G$761,0)),"")) | W7: =IF(W$6="","",IFERROR(INDEX('계산'!$E$12:$E$761,MATCH("17|1",'계산'!$G$12:$G$761,0)),"")) | X7: =IF(X$6="","",IFERROR(INDEX('계산'!$E$12:$E$761,MATCH("18|1",'계산'!$G$12:$G$761,0)),"")) | Y7: =IF(Y$6="","",IFERROR(INDEX('계산'!$E$12:$E$761,MATCH("19|1",'계산'!$G$12:$G$761,0)),"")) | Z7: =IF(Z$6="","",IFERROR(INDEX('계산'!$E$12:$E$761,MATCH("20|1",'계산'!$G$12:$G$761,0)),"")) | AA7: =IF(AA$6="","",IFERROR(INDEX('계산'!$E$12:$E$761,MATCH("21|1",'계산'!$G$12:$G$761,0)),"")) | AB7: =IF(AB$6="","",IFERROR(INDEX('계산'!$E$12:$E$761,MATCH("22|1",'계산'!$G$12:$G$761,0)),"")) | AC7: =IF(AC$6="","",IFERROR(INDEX('계산'!$E$12:$E$761,MATCH("23|1",'계산'!$G$12:$G$761,0)),"")) | AD7: =IF(AD$6="","",IFERROR(INDEX('계산'!$E$12:$E$761,MATCH("24|1",'계산'!$G$12:$G$761,0)),"")) | AE7: =IF(AE$6="","",IFERROR(INDEX('계산'!$E$12:$E$761,MATCH("25|1",'계산'!$G$12:$G$761,0)),"")) | AF7: =IF(AF$6="","",IFERROR(INDEX('계산'!$E$12:$E$761,MATCH("26|1",'계산'!$G$12:$G$761,0)),"")) | AG7: =IF(AG$6="","",IFERROR(INDEX('계산'!$E$12:$E$761,MATCH("27|1",'계산'!$G$12:$G$761,0)),"")) | AH7: =IF(AH$6="","",IFERROR(INDEX('계산'!$E$12:$E$761,MATCH("28|1",'계산'!$G$12:$G$761,0)),"")) | AI7: =IF(AI$6="","",IFERROR(INDEX('계산'!$E$12:$E$761,MATCH("29|1",'계산'!$G$12:$G$761,0)),"")) | AJ7: =IF(AJ$6="","",IFERROR(INDEX('계산'!$E$12:$E$761,MATCH("30|1",'계산'!$G$12:$G$761,0)),""))
E8: 2 | G8: =IF(G$6="","",IFERROR(INDEX('계산'!$E$12:$E$761,MATCH("1|2",'계산'!$G$12:$G$761,0)),"")) | H8: =IF(H$6="","",IFERROR(INDEX('계산'!$E$12:$E$761,MATCH("2|2",'계산'!$G$12:$G$761,0)),"")) | I8: =IF(I$6="","",IFERROR(INDEX('계산'!$E$12:$E$761,MATCH("3|2",'계산'!$G$12:$G$761,0)),"")) | J8: =IF(J$6="","",IFERROR(INDEX('계산'!$E$12:$E$761,MATCH("4|2",'계산'!$G$12:$G$761,0)),"")) | K8: =IF(K$6="","",IFERROR(INDEX('계산'!$E$12:$E$761,MATCH("5|2",'계산'!$G$12:$G$761,0)),"")) | L8: =IF(L$6="","",IFERROR(INDEX('계산'!$E$12:$E$761,MATCH("6|2",'계산'!$G$12:$G$761,0)),"")) | M8: =IF(M$6="","",IFERROR(INDEX('계산'!$E$12:$E$761,MATCH("7|2",'계산'!$G$12:$G$761,0)),"")) | N8: =IF(N$6="","",IFERROR(INDEX('계산'!$E$12:$E$761,MATCH("8|2",'계산'!$G$12:$G$761,0)),"")) | O8: =IF(O$6="","",IFERROR(INDEX('계산'!$E$12:$E$761,MATCH("9|2",'계산'!$G$12:$G$761,0)),"")) | P8: =IF(P$6="","",IFERROR(INDEX('계산'!$E$12:$E$761,MATCH("10|2",'계산'!$G$12:$G$761,0)),"")) | Q8: =IF(Q$6="","",IFERROR(INDEX('계산'!$E$12:$E$761,MATCH("11|2",'계산'!$G$12:$G$761,0)),"")) | R8: =IF(R$6="","",IFERROR(INDEX('계산'!$E$12:$E$761,MATCH("12|2",'계산'!$G$12:$G$761,0)),"")) | S8: =IF(S$6="","",IFERROR(INDEX('계산'!$E$12:$E$761,MATCH("13|2",'계산'!$G$12:$G$761,0)),"")) | T8: =IF(T$6="","",IFERROR(INDEX('계산'!$E$12:$E$761,MATCH("14|2",'계산'!$G$12:$G$761,0)),"")) | U8: =IF(U$6="","",IFERROR(INDEX('계산'!$E$12:$E$761,MATCH("15|2",'계산'!$G$12:$G$761,0)),"")) | V8: =IF(V$6="","",IFERROR(INDEX('계산'!$E$12:$E$761,MATCH("16|2",'계산'!$G$12:$G$761,0)),"")) | W8: =IF(W$6="","",IFERROR(INDEX('계산'!$E$12:$E$761,MATCH("17|2",'계산'!$G$12:$G$761,0)),"")) | X8: =IF(X$6="","",IFERROR(INDEX('계산'!$E$12:$E$761,MATCH("18|2",'계산'!$G$12:$G$761,0)),"")) | Y8: =IF(Y$6="","",IFERROR(INDEX('계산'!$E$12:$E$761,MATCH("19|2",'계산'!$G$12:$G$761,0)),"")) | Z8: =IF(Z$6="","",IFERROR(INDEX('계산'!$E$12:$E$761,MATCH("20|2",'계산'!$G$12:$G$761,0)),"")) | AA8: =IF(AA$6="","",IFERROR(INDEX('계산'!$E$12:$E$761,MATCH("21|2",'계산'!$G$12:$G$761,0)),"")) | AB8: =IF(AB$6="","",IFERROR(INDEX('계산'!$E$12:$E$761,MATCH("22|2",'계산'!$G$12:$G$761,0)),"")) | AC8: =IF(AC$6="","",IFERROR(INDEX('계산'!$E$12:$E$761,MATCH("23|2",'계산'!$G$12:$G$761,0)),"")) | AD8: =IF(AD$6="","",IFERROR(INDEX('계산'!$E$12:$E$761,MATCH("24|2",'계산'!$G$12:$G$761,0)),"")) | AE8: =IF(AE$6="","",IFERROR(INDEX('계산'!$E$12:$E$761,MATCH("25|2",'계산'!$G$12:$G$761,0)),"")) | AF8: =IF(AF$6="","",IFERROR(INDEX('계산'!$E$12:$E$761,MATCH("26|2",'계산'!$G$12:$G$761,0)),"")) | AG8: =IF(AG$6="","",IFERROR(INDEX('계산'!$E$12:$E$761,MATCH("27|2",'계산'!$G$12:$G$761,0)),"")) | AH8: =IF(AH$6="","",IFERROR(INDEX('계산'!$E$12:$E$761,MATCH("28|2",'계산'!$G$12:$G$761,0)),"")) | AI8: =IF(AI$6="","",IFERROR(INDEX('계산'!$E$12:$E$761,MATCH("29|2",'계산'!$G$12:$G$761,0)),"")) | AJ8: =IF(AJ$6="","",IFERROR(INDEX('계산'!$E$12:$E$761,MATCH("30|2",'계산'!$G$12:$G$761,0)),""))
A9: 조 성 | C9: ='계산'!$AN$5 | E9: 3 | G9: =IF(G$6="","",IFERROR(INDEX('계산'!$E$12:$E$761,MATCH("1|3",'계산'!$G$12:$G$761,0)),"")) | H9: =IF(H$6="","",IFERROR(INDEX('계산'!$E$12:$E$761,MATCH("2|3",'계산'!$G$12:$G$761,0)),"")) | I9: =IF(I$6="","",IFERROR(INDEX('계산'!$E$12:$E$761,MATCH("3|3",'계산'!$G$12:$G$761,0)),"")) | J9: =IF(J$6="","",IFERROR(INDEX('계산'!$E$12:$E$761,MATCH("4|3",'계산'!$G$12:$G$761,0)),"")) | K9: =IF(K$6="","",IFERROR(INDEX('계산'!$E$12:$E$761,MATCH("5|3",'계산'!$G$12:$G$761,0)),"")) | L9: =IF(L$6="","",IFERROR(INDEX('계산'!$E$12:$E$761,MATCH("6|3",'계산'!$G$12:$G$761,0)),"")) | M9: =IF(M$6="","",IFERROR(INDEX('계산'!$E$12:$E$761,MATCH("7|3",'계산'!$G$12:$G$761,0)),"")) | N9: =IF(N$6="","",IFERROR(INDEX('계산'!$E$12:$E$761,MATCH("8|3",'계산'!$G$12:$G$761,0)),"")) | O9: =IF(O$6="","",IFERROR(INDEX('계산'!$E$12:$E$761,MATCH("9|3",'계산'!$G$12:$G$761,0)),"")) | P9: =IF(P$6="","",IFERROR(INDEX('계산'!$E$12:$E$761,MATCH("10|3",'계산'!$G$12:$G$761,0)),"")) | Q9: =IF(Q$6="","",IFERROR(INDEX('계산'!$E$12:$E$761,MATCH("11|3",'계산'!$G$12:$G$761,0)),"")) | R9: =IF(R$6="","",IFERROR(INDEX('계산'!$E$12:$E$761,MATCH("12|3",'계산'!$G$12:$G$761,0)),"")) | S9: =IF(S$6="","",IFERROR(INDEX('계산'!$E$12:$E$761,MATCH("13|3",'계산'!$G$12:$G$761,0)),"")) | T9: =IF(T$6="","",IFERROR(INDEX('계산'!$E$12:$E$761,MATCH("14|3",'계산'!$G$12:$G$761,0)),"")) | U9: =IF(U$6="","",IFERROR(INDEX('계산'!$E$12:$E$761,MATCH("15|3",'계산'!$G$12:$G$761,0)),"")) | V9: =IF(V$6="","",IFERROR(INDEX('계산'!$E$12:$E$761,MATCH("16|3",'계산'!$G$12:$G$761,0)),"")) | W9: =IF(W$6="","",IFERROR(INDEX('계산'!$E$12:$E$761,MATCH("17|3",'계산'!$G$12:$G$761,0)),"")) | X9: =IF(X$6="","",IFERROR(INDEX('계산'!$E$12:$E$761,MATCH("18|3",'계산'!$G$12:$G$761,0)),"")) | Y9: =IF(Y$6="","",IFERROR(INDEX('계산'!$E$12:$E$761,MATCH("19|3",'계산'!$G$12:$G$761,0)),"")) | Z9: =IF(Z$6="","",IFERROR(INDEX('계산'!$E$12:$E$761,MATCH("20|3",'계산'!$G$12:$G$761,0)),"")) | AA9: =IF(AA$6="","",IFERROR(INDEX('계산'!$E$12:$E$761,MATCH("21|3",'계산'!$G$12:$G$761,0)),"")) | AB9: =IF(AB$6="","",IFERROR(INDEX('계산'!$E$12:$E$761,MATCH("22|3",'계산'!$G$12:$G$761,0)),"")) | AC9: =IF(AC$6="","",IFERROR(INDEX('계산'!$E$12:$E$761,MATCH("23|3",'계산'!$G$12:$G$761,0)),"")) | AD9: =IF(AD$6="","",IFERROR(INDEX('계산'!$E$12:$E$761,MATCH("24|3",'계산'!$G$12:$G$761,0)),"")) | AE9: =IF(AE$6="","",IFERROR(INDEX('계산'!$E$12:$E$761,MATCH("25|3",'계산'!$G$12:$G$761,0)),"")) | AF9: =IF(AF$6="","",IFERROR(INDEX('계산'!$E$12:$E$761,MATCH("26|3",'계산'!$G$12:$G$761,0)),"")) | AG9: =IF(AG$6="","",IFERROR(INDEX('계산'!$E$12:$E$761,MATCH("27|3",'계산'!$G$12:$G$761,0)),"")) | AH9: =IF(AH$6="","",IFERROR(INDEX('계산'!$E$12:$E$761,MATCH("28|3",'계산'!$G$12:$G$761,0)),"")) | AI9: =IF(AI$6="","",IFERROR(INDEX('계산'!$E$12:$E$761,MATCH("29|3",'계산'!$G$12:$G$761,0)),"")) | AJ9: =IF(AJ$6="","",IFERROR(INDEX('계산'!$E$12:$E$761,MATCH("30|3",'계산'!$G$12:$G$761,0)),""))
E10: 4 | G10: =IF(G$6="","",IFERROR(INDEX('계산'!$E$12:$E$761,MATCH("1|4",'계산'!$G$12:$G$761,0)),"")) | H10: =IF(H$6="","",IFERROR(INDEX('계산'!$E$12:$E$761,MATCH("2|4",'계산'!$G$12:$G$761,0)),"")) | I10: =IF(I$6="","",IFERROR(INDEX('계산'!$E$12:$E$761,MATCH("3|4",'계산'!$G$12:$G$761,0)),"")) | J10: =IF(J$6="","",IFERROR(INDEX('계산'!$E$12:$E$761,MATCH("4|4",'계산'!$G$12:$G$761,0)),"")) | K10: =IF(K$6="","",IFERROR(INDEX('계산'!$E$12:$E$761,MATCH("5|4",'계산'!$G$12:$G$761,0)),"")) | L10: =IF(L$6="","",IFERROR(INDEX('계산'!$E$12:$E$761,MATCH("6|4",'계산'!$G$12:$G$761,0)),"")) | M10: =IF(M$6="","",IFERROR(INDEX('계산'!$E$12:$E$761,MATCH("7|4",'계산'!$G$12:$G$761,0)),"")) | N10: =IF(N$6="","",IFERROR(INDEX('계산'!$E$12:$E$761,MATCH("8|4",'계산'!$G$12:$G$761,0)),"")) | O10: =IF(O$6="","",IFERROR(INDEX('계산'!$E$12:$E$761,MATCH("9|4",'계산'!$G$12:$G$761,0)),"")) | P10: =IF(P$6="","",IFERROR(INDEX('계산'!$E$12:$E$761,MATCH("10|4",'계산'!$G$12:$G$761,0)),"")) | Q10: =IF(Q$6="","",IFERROR(INDEX('계산'!$E$12:$E$761,MATCH("11|4",'계산'!$G$12:$G$761,0)),"")) | R10: =IF(R$6="","",IFERROR(INDEX('계산'!$E$12:$E$761,MATCH("12|4",'계산'!$G$12:$G$761,0)),"")) | S10: =IF(S$6="","",IFERROR(INDEX('계산'!$E$12:$E$761,MATCH("13|4",'계산'!$G$12:$G$761,0)),"")) | T10: =IF(T$6="","",IFERROR(INDEX('계산'!$E$12:$E$761,MATCH("14|4",'계산'!$G$12:$G$761,0)),"")) | U10: =IF(U$6="","",IFERROR(INDEX('계산'!$E$12:$E$761,MATCH("15|4",'계산'!$G$12:$G$761,0)),"")) | V10: =IF(V$6="","",IFERROR(INDEX('계산'!$E$12:$E$761,MATCH("16|4",'계산'!$G$12:$G$761,0)),"")) | W10: =IF(W$6="","",IFERROR(INDEX('계산'!$E$12:$E$761,MATCH("17|4",'계산'!$G$12:$G$761,0)),"")) | X10: =IF(X$6="","",IFERROR(INDEX('계산'!$E$12:$E$761,MATCH("18|4",'계산'!$G$12:$G$761,0)),"")) | Y10: =IF(Y$6="","",IFERROR(INDEX('계산'!$E$12:$E$761,MATCH("19|4",'계산'!$G$12:$G$761,0)),"")) | Z10: =IF(Z$6="","",IFERROR(INDEX('계산'!$E$12:$E$761,MATCH("20|4",'계산'!$G$12:$G$761,0)),"")) | AA10: =IF(AA$6="","",IFERROR(INDEX('계산'!$E$12:$E$761,MATCH("21|4",'계산'!$G$12:$G$761,0)),"")) | AB10: =IF(AB$6="","",IFERROR(INDEX('계산'!$E$12:$E$761,MATCH("22|4",'계산'!$G$12:$G$761,0)),"")) | AC10: =IF(AC$6="","",IFERROR(INDEX('계산'!$E$12:$E$761,MATCH("23|4",'계산'!$G$12:$G$761,0)),"")) | AD10: =IF(AD$6="","",IFERROR(INDEX('계산'!$E$12:$E$761,MATCH("24|4",'계산'!$G$12:$G$761,0)),"")) | AE10: =IF(AE$6="","",IFERROR(INDEX('계산'!$E$12:$E$761,MATCH("25|4",'계산'!$G$12:$G$761,0)),"")) | AF10: =IF(AF$6="","",IFERROR(INDEX('계산'!$E$12:$E$761,MATCH("26|4",'계산'!$G$12:$G$761,0)),"")) | AG10: =IF(AG$6="","",IFERROR(INDEX('계산'!$E$12:$E$761,MATCH("27|4",'계산'!$G$12:$G$761,0)),"")) | AH10: =IF(AH$6="","",IFERROR(INDEX('계산'!$E$12:$E$761,MATCH("28|4",'계산'!$G$12:$G$761,0)),"")) | AI10: =IF(AI$6="","",IFERROR(INDEX('계산'!$E$12:$E$761,MATCH("29|4",'계산'!$G$12:$G$761,0)),"")) | AJ10: =IF(AJ$6="","",IFERROR(INDEX('계산'!$E$12:$E$761,MATCH("30|4",'계산'!$G$12:$G$761,0)),""))
A11: 품번 customer | C11: - | E11: 5 | G11: =IF(G$6="","",IFERROR(INDEX('계산'!$E$12:$E$761,MATCH("1|5",'계산'!$G$12:$G$761,0)),"")) | H11: =IF(H$6="","",IFERROR(INDEX('계산'!$E$12:$E$761,MATCH("2|5",'계산'!$G$12:$G$761,0)),"")) | I11: =IF(I$6="","",IFERROR(INDEX('계산'!$E$12:$E$761,MATCH("3|5",'계산'!$G$12:$G$761,0)),"")) | J11: =IF(J$6="","",IFERROR(INDEX('계산'!$E$12:$E$761,MATCH("4|5",'계산'!$G$12:$G$761,0)),"")) | K11: =IF(K$6="","",IFERROR(INDEX('계산'!$E$12:$E$761,MATCH("5|5",'계산'!$G$12:$G$761,0)),"")) | L11: =IF(L$6="","",IFERROR(INDEX('계산'!$E$12:$E$761,MATCH("6|5",'계산'!$G$12:$G$761,0)),"")) | M11: =IF(M$6="","",IFERROR(INDEX('계산'!$E$12:$E$761,MATCH("7|5",'계산'!$G$12:$G$761,0)),"")) | N11: =IF(N$6="","",IFERROR(INDEX('계산'!$E$12:$E$761,MATCH("8|5",'계산'!$G$12:$G$761,0)),"")) | O11: =IF(O$6="","",IFERROR(INDEX('계산'!$E$12:$E$761,MATCH("9|5",'계산'!$G$12:$G$761,0)),"")) | P11: =IF(P$6="","",IFERROR(INDEX('계산'!$E$12:$E$761,MATCH("10|5",'계산'!$G$12:$G$761,0)),"")) | Q11: =IF(Q$6="","",IFERROR(INDEX('계산'!$E$12:$E$761,MATCH("11|5",'계산'!$G$12:$G$761,0)),"")) | R11: =IF(R$6="","",IFERROR(INDEX('계산'!$E$12:$E$761,MATCH("12|5",'계산'!$G$12:$G$761,0)),"")) | S11: =IF(S$6="","",IFERROR(INDEX('계산'!$E$12:$E$761,MATCH("13|5",'계산'!$G$12:$G$761,0)),"")) | T11: =IF(T$6="","",IFERROR(INDEX('계산'!$E$12:$E$761,MATCH("14|5",'계산'!$G$12:$G$761,0)),"")) | U11: =IF(U$6="","",IFERROR(INDEX('계산'!$E$12:$E$761,MATCH("15|5",'계산'!$G$12:$G$761,0)),"")) | V11: =IF(V$6="","",IFERROR(INDEX('계산'!$E$12:$E$761,MATCH("16|5",'계산'!$G$12:$G$761,0)),"")) | W11: =IF(W$6="","",IFERROR(INDEX('계산'!$E$12:$E$761,MATCH("17|5",'계산'!$G$12:$G$761,0)),"")) | X11: =IF(X$6="","",IFERROR(INDEX('계산'!$E$12:$E$761,MATCH("18|5",'계산'!$G$12:$G$761,0)),"")) | Y11: =IF(Y$6="","",IFERROR(INDEX('계산'!$E$12:$E$761,MATCH("19|5",'계산'!$G$12:$G$761,0)),"")) | Z11: =IF(Z$6="","",IFERROR(INDEX('계산'!$E$12:$E$761,MATCH("20|5",'계산'!$G$12:$G$761,0)),"")) | AA11: =IF(AA$6="","",IFERROR(INDEX('계산'!$E$12:$E$761,MATCH("21|5",'계산'!$G$12:$G$761,0)),"")) | AB11: =IF(AB$6="","",IFERROR(INDEX('계산'!$E$12:$E$761,MATCH("22|5",'계산'!$G$12:$G$761,0)),"")) | AC11: =IF(AC$6="","",IFERROR(INDEX('계산'!$E$12:$E$761,MATCH("23|5",'계산'!$G$12:$G$761,0)),"")) | AD11: =IF(AD$6="","",IFERROR(INDEX('계산'!$E$12:$E$761,MATCH("24|5",'계산'!$G$12:$G$761,0)),"")) | AE11: =IF(AE$6="","",IFERROR(INDEX('계산'!$E$12:$E$761,MATCH("25|5",'계산'!$G$12:$G$761,0)),"")) | AF11: =IF(AF$6="","",IFERROR(INDEX('계산'!$E$12:$E$761,MATCH("26|5",'계산'!$G$12:$G$761,0)),"")) | AG11: =IF(AG$6="","",IFERROR(INDEX('계산'!$E$12:$E$761,MATCH("27|5",'계산'!$G$12:$G$761,0)),"")) | AH11: =IF(AH$6="","",IFERROR(INDEX('계산'!$E$12:$E$761,MATCH("28|5",'계산'!$G$12:$G$761,0)),"")) | AI11: =IF(AI$6="","",IFERROR(INDEX('계산'!$E$12:$E$761,MATCH("29|5",'계산'!$G$12:$G$761,0)),"")) | AJ11: =IF(AJ$6="","",IFERROR(INDEX('계산'!$E$12:$E$761,MATCH("30|5",'계산'!$G$12:$G$761,0)),""))
E12: 6 | G12: =IF(G$6="","",IFERROR(INDEX('계산'!$E$12:$E$761,MATCH("1|6",'계산'!$G$12:$G$761,0)),"")) | H12: =IF(H$6="","",IFERROR(INDEX('계산'!$E$12:$E$761,MATCH("2|6",'계산'!$G$12:$G$761,0)),"")) | I12: =IF(I$6="","",IFERROR(INDEX('계산'!$E$12:$E$761,MATCH("3|6",'계산'!$G$12:$G$761,0)),"")) | J12: =IF(J$6="","",IFERROR(INDEX('계산'!$E$12:$E$761,MATCH("4|6",'계산'!$G$12:$G$761,0)),"")) | K12: =IF(K$6="","",IFERROR(INDEX('계산'!$E$12:$E$761,MATCH("5|6",'계산'!$G$12:$G$761,0)),"")) | L12: =IF(L$6="","",IFERROR(INDEX('계산'!$E$12:$E$761,MATCH("6|6",'계산'!$G$12:$G$761,0)),"")) | M12: =IF(M$6="","",IFERROR(INDEX('계산'!$E$12:$E$761,MATCH("7|6",'계산'!$G$12:$G$761,0)),"")) | N12: =IF(N$6="","",IFERROR(INDEX('계산'!$E$12:$E$761,MATCH("8|6",'계산'!$G$12:$G$761,0)),"")) | O12: =IF(O$6="","",IFERROR(INDEX('계산'!$E$12:$E$761,MATCH("9|6",'계산'!$G$12:$G$761,0)),"")) | P12: =IF(P$6="","",IFERROR(INDEX('계산'!$E$12:$E$761,MATCH("10|6",'계산'!$G$12:$G$761,0)),"")) | Q12: =IF(Q$6="","",IFERROR(INDEX('계산'!$E$12:$E$761,MATCH("11|6",'계산'!$G$12:$G$761,0)),"")) | R12: =IF(R$6="","",IFERROR(INDEX('계산'!$E$12:$E$761,MATCH("12|6",'계산'!$G$12:$G$761,0)),"")) | S12: =IF(S$6="","",IFERROR(INDEX('계산'!$E$12:$E$761,MATCH("13|6",'계산'!$G$12:$G$761,0)),"")) | T12: =IF(T$6="","",IFERROR(INDEX('계산'!$E$12:$E$761,MATCH("14|6",'계산'!$G$12:$G$761,0)),"")) | U12: =IF(U$6="","",IFERROR(INDEX('계산'!$E$12:$E$761,MATCH("15|6",'계산'!$G$12:$G$761,0)),"")) | V12: =IF(V$6="","",IFERROR(INDEX('계산'!$E$12:$E$761,MATCH("16|6",'계산'!$G$12:$G$761,0)),"")) | W12: =IF(W$6="","",IFERROR(INDEX('계산'!$E$12:$E$761,MATCH("17|6",'계산'!$G$12:$G$761,0)),"")) | X12: =IF(X$6="","",IFERROR(INDEX('계산'!$E$12:$E$761,MATCH("18|6",'계산'!$G$12:$G$761,0)),"")) | Y12: =IF(Y$6="","",IFERROR(INDEX('계산'!$E$12:$E$761,MATCH("19|6",'계산'!$G$12:$G$761,0)),"")) | Z12: =IF(Z$6="","",IFERROR(INDEX('계산'!$E$12:$E$761,MATCH("20|6",'계산'!$G$12:$G$761,0)),"")) | AA12: =IF(AA$6="","",IFERROR(INDEX('계산'!$E$12:$E$761,MATCH("21|6",'계산'!$G$12:$G$761,0)),"")) | AB12: =IF(AB$6="","",IFERROR(INDEX('계산'!$E$12:$E$761,MATCH("22|6",'계산'!$G$12:$G$761,0)),"")) | AC12: =IF(AC$6="","",IFERROR(INDEX('계산'!$E$12:$E$761,MATCH("23|6",'계산'!$G$12:$G$761,0)),"")) | AD12: =IF(AD$6="","",IFERROR(INDEX('계산'!$E$12:$E$761,MATCH("24|6",'계산'!$G$12:$G$761,0)),"")) | AE12: =IF(AE$6="","",IFERROR(INDEX('계산'!$E$12:$E$761,MATCH("25|6",'계산'!$G$12:$G$761,0)),"")) | AF12: =IF(AF$6="","",IFERROR(INDEX('계산'!$E$12:$E$761,MATCH("26|6",'계산'!$G$12:$G$761,0)),"")) | AG12: =IF(AG$6="","",IFERROR(INDEX('계산'!$E$12:$E$761,MATCH("27|6",'계산'!$G$12:$G$761,0)),"")) | AH12: =IF(AH$6="","",IFERROR(INDEX('계산'!$E$12:$E$761,MATCH("28|6",'계산'!$G$12:$G$761,0)),"")) | AI12: =IF(AI$6="","",IFERROR(INDEX('계산'!$E$12:$E$761,MATCH("29|6",'계산'!$G$12:$G$761,0)),"")) | AJ12: =IF(AJ$6="","",IFERROR(INDEX('계산'!$E$12:$E$761,MATCH("30|6",'계산'!$G$12:$G$761,0)),""))
A13: 품번 Amphenol | C13: - | E13: 7 | G13: =IF(G$6="","",IFERROR(INDEX('계산'!$E$12:$E$761,MATCH("1|7",'계산'!$G$12:$G$761,0)),"")) | H13: =IF(H$6="","",IFERROR(INDEX('계산'!$E$12:$E$761,MATCH("2|7",'계산'!$G$12:$G$761,0)),"")) | I13: =IF(I$6="","",IFERROR(INDEX('계산'!$E$12:$E$761,MATCH("3|7",'계산'!$G$12:$G$761,0)),"")) | J13: =IF(J$6="","",IFERROR(INDEX('계산'!$E$12:$E$761,MATCH("4|7",'계산'!$G$12:$G$761,0)),"")) | K13: =IF(K$6="","",IFERROR(INDEX('계산'!$E$12:$E$761,MATCH("5|7",'계산'!$G$12:$G$761,0)),"")) | L13: =IF(L$6="","",IFERROR(INDEX('계산'!$E$12:$E$761,MATCH("6|7",'계산'!$G$12:$G$761,0)),"")) | M13: =IF(M$6="","",IFERROR(INDEX('계산'!$E$12:$E$761,MATCH("7|7",'계산'!$G$12:$G$761,0)),"")) | N13: =IF(N$6="","",IFERROR(INDEX('계산'!$E$12:$E$761,MATCH("8|7",'계산'!$G$12:$G$761,0)),"")) | O13: =IF(O$6="","",IFERROR(INDEX('계산'!$E$12:$E$761,MATCH("9|7",'계산'!$G$12:$G$761,0)),"")) | P13: =IF(P$6="","",IFERROR(INDEX('계산'!$E$12:$E$761,MATCH("10|7",'계산'!$G$12:$G$761,0)),"")) | Q13: =IF(Q$6="","",IFERROR(INDEX('계산'!$E$12:$E$761,MATCH("11|7",'계산'!$G$12:$G$761,0)),"")) | R13: =IF(R$6="","",IFERROR(INDEX('계산'!$E$12:$E$761,MATCH("12|7",'계산'!$G$12:$G$761,0)),"")) | S13: =IF(S$6="","",IFERROR(INDEX('계산'!$E$12:$E$761,MATCH("13|7",'계산'!$G$12:$G$761,0)),"")) | T13: =IF(T$6="","",IFERROR(INDEX('계산'!$E$12:$E$761,MATCH("14|7",'계산'!$G$12:$G$761,0)),"")) | U13: =IF(U$6="","",IFERROR(INDEX('계산'!$E$12:$E$761,MATCH("15|7",'계산'!$G$12:$G$761,0)),"")) | V13: =IF(V$6="","",IFERROR(INDEX('계산'!$E$12:$E$761,MATCH("16|7",'계산'!$G$12:$G$761,0)),"")) | W13: =IF(W$6="","",IFERROR(INDEX('계산'!$E$12:$E$761,MATCH("17|7",'계산'!$G$12:$G$761,0)),"")) | X13: =IF(X$6="","",IFERROR(INDEX('계산'!$E$12:$E$761,MATCH("18|7",'계산'!$G$12:$G$761,0)),"")) | Y13: =IF(Y$6="","",IFERROR(INDEX('계산'!$E$12:$E$761,MATCH("19|7",'계산'!$G$12:$G$761,0)),"")) | Z13: =IF(Z$6="","",IFERROR(INDEX('계산'!$E$12:$E$761,MATCH("20|7",'계산'!$G$12:$G$761,0)),"")) | AA13: =IF(AA$6="","",IFERROR(INDEX('계산'!$E$12:$E$761,MATCH("21|7",'계산'!$G$12:$G$761,0)),"")) | AB13: =IF(AB$6="","",IFERROR(INDEX('계산'!$E$12:$E$761,MATCH("22|7",'계산'!$G$12:$G$761,0)),"")) | AC13: =IF(AC$6="","",IFERROR(INDEX('계산'!$E$12:$E$761,MATCH("23|7",'계산'!$G$12:$G$761,0)),"")) | AD13: =IF(AD$6="","",IFERROR(INDEX('계산'!$E$12:$E$761,MATCH("24|7",'계산'!$G$12:$G$761,0)),"")) | AE13: =IF(AE$6="","",IFERROR(INDEX('계산'!$E$12:$E$761,MATCH("25|7",'계산'!$G$12:$G$761,0)),"")) | AF13: =IF(AF$6="","",IFERROR(INDEX('계산'!$E$12:$E$761,MATCH("26|7",'계산'!$G$12:$G$761,0)),"")) | AG13: =IF(AG$6="","",IFERROR(INDEX('계산'!$E$12:$E$761,MATCH("27|7",'계산'!$G$12:$G$761,0)),"")) | AH13: =IF(AH$6="","",IFERROR(INDEX('계산'!$E$12:$E$761,MATCH("28|7",'계산'!$G$12:$G$761,0)),"")) | AI13: =IF(AI$6="","",IFERROR(INDEX('계산'!$E$12:$E$761,MATCH("29|7",'계산'!$G$12:$G$761,0)),"")) | AJ13: =IF(AJ$6="","",IFERROR(INDEX('계산'!$E$12:$E$761,MATCH("30|7",'계산'!$G$12:$G$761,0)),""))
E14: 8 | G14: =IF(G$6="","",IFERROR(INDEX('계산'!$E$12:$E$761,MATCH("1|8",'계산'!$G$12:$G$761,0)),"")) | H14: =IF(H$6="","",IFERROR(INDEX('계산'!$E$12:$E$761,MATCH("2|8",'계산'!$G$12:$G$761,0)),"")) | I14: =IF(I$6="","",IFERROR(INDEX('계산'!$E$12:$E$761,MATCH("3|8",'계산'!$G$12:$G$761,0)),"")) | J14: =IF(J$6="","",IFERROR(INDEX('계산'!$E$12:$E$761,MATCH("4|8",'계산'!$G$12:$G$761,0)),"")) | K14: =IF(K$6="","",IFERROR(INDEX('계산'!$E$12:$E$761,MATCH("5|8",'계산'!$G$12:$G$761,0)),"")) | L14: =IF(L$6="","",IFERROR(INDEX('계산'!$E$12:$E$761,MATCH("6|8",'계산'!$G$12:$G$761,0)),"")) | M14: =IF(M$6="","",IFERROR(INDEX('계산'!$E$12:$E$761,MATCH("7|8",'계산'!$G$12:$G$761,0)),"")) | N14: =IF(N$6="","",IFERROR(INDEX('계산'!$E$12:$E$761,MATCH("8|8",'계산'!$G$12:$G$761,0)),"")) | O14: =IF(O$6="","",IFERROR(INDEX('계산'!$E$12:$E$761,MATCH("9|8",'계산'!$G$12:$G$761,0)),"")) | P14: =IF(P$6="","",IFERROR(INDEX('계산'!$E$12:$E$761,MATCH("10|8",'계산'!$G$12:$G$761,0)),"")) | Q14: =IF(Q$6="","",IFERROR(INDEX('계산'!$E$12:$E$761,MATCH("11|8",'계산'!$G$12:$G$761,0)),"")) | R14: =IF(R$6="","",IFERROR(INDEX('계산'!$E$12:$E$761,MATCH("12|8",'계산'!$G$12:$G$761,0)),"")) | S14: =IF(S$6="","",IFERROR(INDEX('계산'!$E$12:$E$761,MATCH("13|8",'계산'!$G$12:$G$761,0)),"")) | T14: =IF(T$6="","",IFERROR(INDEX('계산'!$E$12:$E$761,MATCH("14|8",'계산'!$G$12:$G$761,0)),"")) | U14: =IF(U$6="","",IFERROR(INDEX('계산'!$E$12:$E$761,MATCH("15|8",'계산'!$G$12:$G$761,0)),"")) | V14: =IF(V$6="","",IFERROR(INDEX('계산'!$E$12:$E$761,MATCH("16|8",'계산'!$G$12:$G$761,0)),"")) | W14: =IF(W$6="","",IFERROR(INDEX('계산'!$E$12:$E$761,MATCH("17|8",'계산'!$G$12:$G$761,0)),"")) | X14: =IF(X$6="","",IFERROR(INDEX('계산'!$E$12:$E$761,MATCH("18|8",'계산'!$G$12:$G$761,0)),"")) | Y14: =IF(Y$6="","",IFERROR(INDEX('계산'!$E$12:$E$761,MATCH("19|8",'계산'!$G$12:$G$761,0)),"")) | Z14: =IF(Z$6="","",IFERROR(INDEX('계산'!$E$12:$E$761,MATCH("20|8",'계산'!$G$12:$G$761,0)),"")) | AA14: =IF(AA$6="","",IFERROR(INDEX('계산'!$E$12:$E$761,MATCH("21|8",'계산'!$G$12:$G$761,0)),"")) | AB14: =IF(AB$6="","",IFERROR(INDEX('계산'!$E$12:$E$761,MATCH("22|8",'계산'!$G$12:$G$761,0)),"")) | AC14: =IF(AC$6="","",IFERROR(INDEX('계산'!$E$12:$E$761,MATCH("23|8",'계산'!$G$12:$G$761,0)),"")) | AD14: =IF(AD$6="","",IFERROR(INDEX('계산'!$E$12:$E$761,MATCH("24|8",'계산'!$G$12:$G$761,0)),"")) | AE14: =IF(AE$6="","",IFERROR(INDEX('계산'!$E$12:$E$761,MATCH("25|8",'계산'!$G$12:$G$761,0)),"")) | AF14: =IF(AF$6="","",IFERROR(INDEX('계산'!$E$12:$E$761,MATCH("26|8",'계산'!$G$12:$G$761,0)),"")) | AG14: =IF(AG$6="","",IFERROR(INDEX('계산'!$E$12:$E$761,MATCH("27|8",'계산'!$G$12:$G$761,0)),"")) | AH14: =IF(AH$6="","",IFERROR(INDEX('계산'!$E$12:$E$761,MATCH("28|8",'계산'!$G$12:$G$761,0)),"")) | AI14: =IF(AI$6="","",IFERROR(INDEX('계산'!$E$12:$E$761,MATCH("29|8",'계산'!$G$12:$G$761,0)),"")) | AJ14: =IF(AJ$6="","",IFERROR(INDEX('계산'!$E$12:$E$761,MATCH("30|8",'계산'!$G$12:$G$761,0)),""))
A15: 차 종 | E15: 9 | G15: =IF(G$6="","",IFERROR(INDEX('계산'!$E$12:$E$761,MATCH("1|9",'계산'!$G$12:$G$761,0)),"")) | H15: =IF(H$6="","",IFERROR(INDEX('계산'!$E$12:$E$761,MATCH("2|9",'계산'!$G$12:$G$761,0)),"")) | I15: =IF(I$6="","",IFERROR(INDEX('계산'!$E$12:$E$761,MATCH("3|9",'계산'!$G$12:$G$761,0)),"")) | J15: =IF(J$6="","",IFERROR(INDEX('계산'!$E$12:$E$761,MATCH("4|9",'계산'!$G$12:$G$761,0)),"")) | K15: =IF(K$6="","",IFERROR(INDEX('계산'!$E$12:$E$761,MATCH("5|9",'계산'!$G$12:$G$761,0)),"")) | L15: =IF(L$6="","",IFERROR(INDEX('계산'!$E$12:$E$761,MATCH("6|9",'계산'!$G$12:$G$761,0)),"")) | M15: =IF(M$6="","",IFERROR(INDEX('계산'!$E$12:$E$761,MATCH("7|9",'계산'!$G$12:$G$761,0)),"")) | N15: =IF(N$6="","",IFERROR(INDEX('계산'!$E$12:$E$761,MATCH("8|9",'계산'!$G$12:$G$761,0)),"")) | O15: =IF(O$6="","",IFERROR(INDEX('계산'!$E$12:$E$761,MATCH("9|9",'계산'!$G$12:$G$761,0)),"")) | P15: =IF(P$6="","",IFERROR(INDEX('계산'!$E$12:$E$761,MATCH("10|9",'계산'!$G$12:$G$761,0)),"")) | Q15: =IF(Q$6="","",IFERROR(INDEX('계산'!$E$12:$E$761,MATCH("11|9",'계산'!$G$12:$G$761,0)),"")) | R15: =IF(R$6="","",IFERROR(INDEX('계산'!$E$12:$E$761,MATCH("12|9",'계산'!$G$12:$G$761,0)),"")) | S15: =IF(S$6="","",IFERROR(INDEX('계산'!$E$12:$E$761,MATCH("13|9",'계산'!$G$12:$G$761,0)),"")) | T15: =IF(T$6="","",IFERROR(INDEX('계산'!$E$12:$E$761,MATCH("14|9",'계산'!$G$12:$G$761,0)),"")) | U15: =IF(U$6="","",IFERROR(INDEX('계산'!$E$12:$E$761,MATCH("15|9",'계산'!$G$12:$G$761,0)),"")) | V15: =IF(V$6="","",IFERROR(INDEX('계산'!$E$12:$E$761,MATCH("16|9",'계산'!$G$12:$G$761,0)),"")) | W15: =IF(W$6="","",IFERROR(INDEX('계산'!$E$12:$E$761,MATCH("17|9",'계산'!$G$12:$G$761,0)),"")) | X15: =IF(X$6="","",IFERROR(INDEX('계산'!$E$12:$E$761,MATCH("18|9",'계산'!$G$12:$G$761,0)),"")) | Y15: =IF(Y$6="","",IFERROR(INDEX('계산'!$E$12:$E$761,MATCH("19|9",'계산'!$G$12:$G$761,0)),"")) | Z15: =IF(Z$6="","",IFERROR(INDEX('계산'!$E$12:$E$761,MATCH("20|9",'계산'!$G$12:$G$761,0)),"")) | AA15: =IF(AA$6="","",IFERROR(INDEX('계산'!$E$12:$E$761,MATCH("21|9",'계산'!$G$12:$G$761,0)),"")) | AB15: =IF(AB$6="","",IFERROR(INDEX('계산'!$E$12:$E$761,MATCH("22|9",'계산'!$G$12:$G$761,0)),"")) | AC15: =IF(AC$6="","",IFERROR(INDEX('계산'!$E$12:$E$761,MATCH("23|9",'계산'!$G$12:$G$761,0)),"")) | AD15: =IF(AD$6="","",IFERROR(INDEX('계산'!$E$12:$E$761,MATCH("24|9",'계산'!$G$12:$G$761,0)),"")) | AE15: =IF(AE$6="","",IFERROR(INDEX('계산'!$E$12:$E$761,MATCH("25|9",'계산'!$G$12:$G$761,0)),"")) | AF15: =IF(AF$6="","",IFERROR(INDEX('계산'!$E$12:$E$761,MATCH("26|9",'계산'!$G$12:$G$761,0)),"")) | AG15: =IF(AG$6="","",IFERROR(INDEX('계산'!$E$12:$E$761,MATCH("27|9",'계산'!$G$12:$G$761,0)),"")) | AH15: =IF(AH$6="","",IFERROR(INDEX('계산'!$E$12:$E$761,MATCH("28|9",'계산'!$G$12:$G$761,0)),"")) | AI15: =IF(AI$6="","",IFERROR(INDEX('계산'!$E$12:$E$761,MATCH("29|9",'계산'!$G$12:$G$761,0)),"")) | AJ15: =IF(AJ$6="","",IFERROR(INDEX('계산'!$E$12:$E$761,MATCH("30|9",'계산'!$G$12:$G$761,0)),""))
E16: 10 | G16: =IF(G$6="","",IFERROR(INDEX('계산'!$E$12:$E$761,MATCH("1|10",'계산'!$G$12:$G$761,0)),"")) | H16: =IF(H$6="","",IFERROR(INDEX('계산'!$E$12:$E$761,MATCH("2|10",'계산'!$G$12:$G$761,0)),"")) | I16: =IF(I$6="","",IFERROR(INDEX('계산'!$E$12:$E$761,MATCH("3|10",'계산'!$G$12:$G$761,0)),"")) | J16: =IF(J$6="","",IFERROR(INDEX('계산'!$E$12:$E$761,MATCH("4|10",'계산'!$G$12:$G$761,0)),"")) | K16: =IF(K$6="","",IFERROR(INDEX('계산'!$E$12:$E$761,MATCH("5|10",'계산'!$G$12:$G$761,0)),"")) | L16: =IF(L$6="","",IFERROR(INDEX('계산'!$E$12:$E$761,MATCH("6|10",'계산'!$G$12:$G$761,0)),"")) | M16: =IF(M$6="","",IFERROR(INDEX('계산'!$E$12:$E$761,MATCH("7|10",'계산'!$G$12:$G$761,0)),"")) | N16: =IF(N$6="","",IFERROR(INDEX('계산'!$E$12:$E$761,MATCH("8|10",'계산'!$G$12:$G$761,0)),"")) | O16: =IF(O$6="","",IFERROR(INDEX('계산'!$E$12:$E$761,MATCH("9|10",'계산'!$G$12:$G$761,0)),"")) | P16: =IF(P$6="","",IFERROR(INDEX('계산'!$E$12:$E$761,MATCH("10|10",'계산'!$G$12:$G$761,0)),"")) | Q16: =IF(Q$6="","",IFERROR(INDEX('계산'!$E$12:$E$761,MATCH("11|10",'계산'!$G$12:$G$761,0)),"")) | R16: =IF(R$6="","",IFERROR(INDEX('계산'!$E$12:$E$761,MATCH("12|10",'계산'!$G$12:$G$761,0)),"")) | S16: =IF(S$6="","",IFERROR(INDEX('계산'!$E$12:$E$761,MATCH("13|10",'계산'!$G$12:$G$761,0)),"")) | T16: =IF(T$6="","",IFERROR(INDEX('계산'!$E$12:$E$761,MATCH("14|10",'계산'!$G$12:$G$761,0)),"")) | U16: =IF(U$6="","",IFERROR(INDEX('계산'!$E$12:$E$761,MATCH("15|10",'계산'!$G$12:$G$761,0)),"")) | V16: =IF(V$6="","",IFERROR(INDEX('계산'!$E$12:$E$761,MATCH("16|10",'계산'!$G$12:$G$761,0)),"")) | W16: =IF(W$6="","",IFERROR(INDEX('계산'!$E$12:$E$761,MATCH("17|10",'계산'!$G$12:$G$761,0)),"")) | X16: =IF(X$6="","",IFERROR(INDEX('계산'!$E$12:$E$761,MATCH("18|10",'계산'!$G$12:$G$761,0)),"")) | Y16: =IF(Y$6="","",IFERROR(INDEX('계산'!$E$12:$E$761,MATCH("19|10",'계산'!$G$12:$G$761,0)),"")) | Z16: =IF(Z$6="","",IFERROR(INDEX('계산'!$E$12:$E$761,MATCH("20|10",'계산'!$G$12:$G$761,0)),"")) | AA16: =IF(AA$6="","",IFERROR(INDEX('계산'!$E$12:$E$761,MATCH("21|10",'계산'!$G$12:$G$761,0)),"")) | AB16: =IF(AB$6="","",IFERROR(INDEX('계산'!$E$12:$E$761,MATCH("22|10",'계산'!$G$12:$G$761,0)),"")) | AC16: =IF(AC$6="","",IFERROR(INDEX('계산'!$E$12:$E$761,MATCH("23|10",'계산'!$G$12:$G$761,0)),"")) | AD16: =IF(AD$6="","",IFERROR(INDEX('계산'!$E$12:$E$761,MATCH("24|10",'계산'!$G$12:$G$761,0)),"")) | AE16: =IF(AE$6="","",IFERROR(INDEX('계산'!$E$12:$E$761,MATCH("25|10",'계산'!$G$12:$G$761,0)),"")) | AF16: =IF(AF$6="","",IFERROR(INDEX('계산'!$E$12:$E$761,MATCH("26|10",'계산'!$G$12:$G$761,0)),"")) | AG16: =IF(AG$6="","",IFERROR(INDEX('계산'!$E$12:$E$761,MATCH("27|10",'계산'!$G$12:$G$761,0)),"")) | AH16: =IF(AH$6="","",IFERROR(INDEX('계산'!$E$12:$E$761,MATCH("28|10",'계산'!$G$12:$G$761,0)),"")) | AI16: =IF(AI$6="","",IFERROR(INDEX('계산'!$E$12:$E$761,MATCH("29|10",'계산'!$G$12:$G$761,0)),"")) | AJ16: =IF(AJ$6="","",IFERROR(INDEX('계산'!$E$12:$E$761,MATCH("30|10",'계산'!$G$12:$G$761,0)),""))
A17: 작업자 | C17: ='계산'!$AN$11 | E17: 11 | G17: =IF(G$6="","",IFERROR(INDEX('계산'!$E$12:$E$761,MATCH("1|11",'계산'!$G$12:$G$761,0)),"")) | H17: =IF(H$6="","",IFERROR(INDEX('계산'!$E$12:$E$761,MATCH("2|11",'계산'!$G$12:$G$761,0)),"")) | I17: =IF(I$6="","",IFERROR(INDEX('계산'!$E$12:$E$761,MATCH("3|11",'계산'!$G$12:$G$761,0)),"")) | J17: =IF(J$6="","",IFERROR(INDEX('계산'!$E$12:$E$761,MATCH("4|11",'계산'!$G$12:$G$761,0)),"")) | K17: =IF(K$6="","",IFERROR(INDEX('계산'!$E$12:$E$761,MATCH("5|11",'계산'!$G$12:$G$761,0)),"")) | L17: =IF(L$6="","",IFERROR(INDEX('계산'!$E$12:$E$761,MATCH("6|11",'계산'!$G$12:$G$761,0)),"")) | M17: =IF(M$6="","",IFERROR(INDEX('계산'!$E$12:$E$761,MATCH("7|11",'계산'!$G$12:$G$761,0)),"")) | N17: =IF(N$6="","",IFERROR(INDEX('계산'!$E$12:$E$761,MATCH("8|11",'계산'!$G$12:$G$761,0)),"")) | O17: =IF(O$6="","",IFERROR(INDEX('계산'!$E$12:$E$761,MATCH("9|11",'계산'!$G$12:$G$761,0)),"")) | P17: =IF(P$6="","",IFERROR(INDEX('계산'!$E$12:$E$761,MATCH("10|11",'계산'!$G$12:$G$761,0)),"")) | Q17: =IF(Q$6="","",IFERROR(INDEX('계산'!$E$12:$E$761,MATCH("11|11",'계산'!$G$12:$G$761,0)),"")) | R17: =IF(R$6="","",IFERROR(INDEX('계산'!$E$12:$E$761,MATCH("12|11",'계산'!$G$12:$G$761,0)),"")) | S17: =IF(S$6="","",IFERROR(INDEX('계산'!$E$12:$E$761,MATCH("13|11",'계산'!$G$12:$G$761,0)),"")) | T17: =IF(T$6="","",IFERROR(INDEX('계산'!$E$12:$E$761,MATCH("14|11",'계산'!$G$12:$G$761,0)),"")) | U17: =IF(U$6="","",IFERROR(INDEX('계산'!$E$12:$E$761,MATCH("15|11",'계산'!$G$12:$G$761,0)),"")) | V17: =IF(V$6="","",IFERROR(INDEX('계산'!$E$12:$E$761,MATCH("16|11",'계산'!$G$12:$G$761,0)),"")) | W17: =IF(W$6="","",IFERROR(INDEX('계산'!$E$12:$E$761,MATCH("17|11",'계산'!$G$12:$G$761,0)),"")) | X17: =IF(X$6="","",IFERROR(INDEX('계산'!$E$12:$E$761,MATCH("18|11",'계산'!$G$12:$G$761,0)),"")) | Y17: =IF(Y$6="","",IFERROR(INDEX('계산'!$E$12:$E$761,MATCH("19|11",'계산'!$G$12:$G$761,0)),"")) | Z17: =IF(Z$6="","",IFERROR(INDEX('계산'!$E$12:$E$761,MATCH("20|11",'계산'!$G$12:$G$761,0)),"")) | AA17: =IF(AA$6="","",IFERROR(INDEX('계산'!$E$12:$E$761,MATCH("21|11",'계산'!$G$12:$G$761,0)),"")) | AB17: =IF(AB$6="","",IFERROR(INDEX('계산'!$E$12:$E$761,MATCH("22|11",'계산'!$G$12:$G$761,0)),"")) | AC17: =IF(AC$6="","",IFERROR(INDEX('계산'!$E$12:$E$761,MATCH("23|11",'계산'!$G$12:$G$761,0)),"")) | AD17: =IF(AD$6="","",IFERROR(INDEX('계산'!$E$12:$E$761,MATCH("24|11",'계산'!$G$12:$G$761,0)),"")) | AE17: =IF(AE$6="","",IFERROR(INDEX('계산'!$E$12:$E$761,MATCH("25|11",'계산'!$G$12:$G$761,0)),"")) | AF17: =IF(AF$6="","",IFERROR(INDEX('계산'!$E$12:$E$761,MATCH("26|11",'계산'!$G$12:$G$761,0)),"")) | AG17: =IF(AG$6="","",IFERROR(INDEX('계산'!$E$12:$E$761,MATCH("27|11",'계산'!$G$12:$G$761,0)),"")) | AH17: =IF(AH$6="","",IFERROR(INDEX('계산'!$E$12:$E$761,MATCH("28|11",'계산'!$G$12:$G$761,0)),"")) | AI17: =IF(AI$6="","",IFERROR(INDEX('계산'!$E$12:$E$761,MATCH("29|11",'계산'!$G$12:$G$761,0)),"")) | AJ17: =IF(AJ$6="","",IFERROR(INDEX('계산'!$E$12:$E$761,MATCH("30|11",'계산'!$G$12:$G$761,0)),""))
E18: 12 | G18: =IF(G$6="","",IFERROR(INDEX('계산'!$E$12:$E$761,MATCH("1|12",'계산'!$G$12:$G$761,0)),"")) | H18: =IF(H$6="","",IFERROR(INDEX('계산'!$E$12:$E$761,MATCH("2|12",'계산'!$G$12:$G$761,0)),"")) | I18: =IF(I$6="","",IFERROR(INDEX('계산'!$E$12:$E$761,MATCH("3|12",'계산'!$G$12:$G$761,0)),"")) | J18: =IF(J$6="","",IFERROR(INDEX('계산'!$E$12:$E$761,MATCH("4|12",'계산'!$G$12:$G$761,0)),"")) | K18: =IF(K$6="","",IFERROR(INDEX('계산'!$E$12:$E$761,MATCH("5|12",'계산'!$G$12:$G$761,0)),"")) | L18: =IF(L$6="","",IFERROR(INDEX('계산'!$E$12:$E$761,MATCH("6|12",'계산'!$G$12:$G$761,0)),"")) | M18: =IF(M$6="","",IFERROR(INDEX('계산'!$E$12:$E$761,MATCH("7|12",'계산'!$G$12:$G$761,0)),"")) | N18: =IF(N$6="","",IFERROR(INDEX('계산'!$E$12:$E$761,MATCH("8|12",'계산'!$G$12:$G$761,0)),"")) | O18: =IF(O$6="","",IFERROR(INDEX('계산'!$E$12:$E$761,MATCH("9|12",'계산'!$G$12:$G$761,0)),"")) | P18: =IF(P$6="","",IFERROR(INDEX('계산'!$E$12:$E$761,MATCH("10|12",'계산'!$G$12:$G$761,0)),"")) | Q18: =IF(Q$6="","",IFERROR(INDEX('계산'!$E$12:$E$761,MATCH("11|12",'계산'!$G$12:$G$761,0)),"")) | R18: =IF(R$6="","",IFERROR(INDEX('계산'!$E$12:$E$761,MATCH("12|12",'계산'!$G$12:$G$761,0)),"")) | S18: =IF(S$6="","",IFERROR(INDEX('계산'!$E$12:$E$761,MATCH("13|12",'계산'!$G$12:$G$761,0)),"")) | T18: =IF(T$6="","",IFERROR(INDEX('계산'!$E$12:$E$761,MATCH("14|12",'계산'!$G$12:$G$761,0)),"")) | U18: =IF(U$6="","",IFERROR(INDEX('계산'!$E$12:$E$761,MATCH("15|12",'계산'!$G$12:$G$761,0)),"")) | V18: =IF(V$6="","",IFERROR(INDEX('계산'!$E$12:$E$761,MATCH("16|12",'계산'!$G$12:$G$761,0)),"")) | W18: =IF(W$6="","",IFERROR(INDEX('계산'!$E$12:$E$761,MATCH("17|12",'계산'!$G$12:$G$761,0)),"")) | X18: =IF(X$6="","",IFERROR(INDEX('계산'!$E$12:$E$761,MATCH("18|12",'계산'!$G$12:$G$761,0)),"")) | Y18: =IF(Y$6="","",IFERROR(INDEX('계산'!$E$12:$E$761,MATCH("19|12",'계산'!$G$12:$G$761,0)),"")) | Z18: =IF(Z$6="","",IFERROR(INDEX('계산'!$E$12:$E$761,MATCH("20|12",'계산'!$G$12:$G$761,0)),"")) | AA18: =IF(AA$6="","",IFERROR(INDEX('계산'!$E$12:$E$761,MATCH("21|12",'계산'!$G$12:$G$761,0)),"")) | AB18: =IF(AB$6="","",IFERROR(INDEX('계산'!$E$12:$E$761,MATCH("22|12",'계산'!$G$12:$G$761,0)),"")) | AC18: =IF(AC$6="","",IFERROR(INDEX('계산'!$E$12:$E$761,MATCH("23|12",'계산'!$G$12:$G$761,0)),"")) | AD18: =IF(AD$6="","",IFERROR(INDEX('계산'!$E$12:$E$761,MATCH("24|12",'계산'!$G$12:$G$761,0)),"")) | AE18: =IF(AE$6="","",IFERROR(INDEX('계산'!$E$12:$E$761,MATCH("25|12",'계산'!$G$12:$G$761,0)),"")) | AF18: =IF(AF$6="","",IFERROR(INDEX('계산'!$E$12:$E$761,MATCH("26|12",'계산'!$G$12:$G$761,0)),"")) | AG18: =IF(AG$6="","",IFERROR(INDEX('계산'!$E$12:$E$761,MATCH("27|12",'계산'!$G$12:$G$761,0)),"")) | AH18: =IF(AH$6="","",IFERROR(INDEX('계산'!$E$12:$E$761,MATCH("28|12",'계산'!$G$12:$G$761,0)),"")) | AI18: =IF(AI$6="","",IFERROR(INDEX('계산'!$E$12:$E$761,MATCH("29|12",'계산'!$G$12:$G$761,0)),"")) | AJ18: =IF(AJ$6="","",IFERROR(INDEX('계산'!$E$12:$E$761,MATCH("30|12",'계산'!$G$12:$G$761,0)),""))
A19: 규 격 | B19: Nominal | C19: =IF(ISNUMBER('계산'!$AO$16),'계산'!$AO$16,IF(AND(ISNUMBER('계산'!$AO$15),ISNUMBER('계산'!$AO$17)),('계산'!$AO$15+'계산'!$AO$17)/2,"")) | E19: 13 | G19: =IF(G$6="","",IFERROR(INDEX('계산'!$E$12:$E$761,MATCH("1|13",'계산'!$G$12:$G$761,0)),"")) | H19: =IF(H$6="","",IFERROR(INDEX('계산'!$E$12:$E$761,MATCH("2|13",'계산'!$G$12:$G$761,0)),"")) | I19: =IF(I$6="","",IFERROR(INDEX('계산'!$E$12:$E$761,MATCH("3|13",'계산'!$G$12:$G$761,0)),"")) | J19: =IF(J$6="","",IFERROR(INDEX('계산'!$E$12:$E$761,MATCH("4|13",'계산'!$G$12:$G$761,0)),"")) | K19: =IF(K$6="","",IFERROR(INDEX('계산'!$E$12:$E$761,MATCH("5|13",'계산'!$G$12:$G$761,0)),"")) | L19: =IF(L$6="","",IFERROR(INDEX('계산'!$E$12:$E$761,MATCH("6|13",'계산'!$G$12:$G$761,0)),"")) | M19: =IF(M$6="","",IFERROR(INDEX('계산'!$E$12:$E$761,MATCH("7|13",'계산'!$G$12:$G$761,0)),"")) | N19: =IF(N$6="","",IFERROR(INDEX('계산'!$E$12:$E$761,MATCH("8|13",'계산'!$G$12:$G$761,0)),"")) | O19: =IF(O$6="","",IFERROR(INDEX('계산'!$E$12:$E$761,MATCH("9|13",'계산'!$G$12:$G$761,0)),"")) | P19: =IF(P$6="","",IFERROR(INDEX('계산'!$E$12:$E$761,MATCH("10|13",'계산'!$G$12:$G$761,0)),"")) | Q19: =IF(Q$6="","",IFERROR(INDEX('계산'!$E$12:$E$761,MATCH("11|13",'계산'!$G$12:$G$761,0)),"")) | R19: =IF(R$6="","",IFERROR(INDEX('계산'!$E$12:$E$761,MATCH("12|13",'계산'!$G$12:$G$761,0)),"")) | S19: =IF(S$6="","",IFERROR(INDEX('계산'!$E$12:$E$761,MATCH("13|13",'계산'!$G$12:$G$761,0)),"")) | T19: =IF(T$6="","",IFERROR(INDEX('계산'!$E$12:$E$761,MATCH("14|13",'계산'!$G$12:$G$761,0)),"")) | U19: =IF(U$6="","",IFERROR(INDEX('계산'!$E$12:$E$761,MATCH("15|13",'계산'!$G$12:$G$761,0)),"")) | V19: =IF(V$6="","",IFERROR(INDEX('계산'!$E$12:$E$761,MATCH("16|13",'계산'!$G$12:$G$761,0)),"")) | W19: =IF(W$6="","",IFERROR(INDEX('계산'!$E$12:$E$761,MATCH("17|13",'계산'!$G$12:$G$761,0)),"")) | X19: =IF(X$6="","",IFERROR(INDEX('계산'!$E$12:$E$761,MATCH("18|13",'계산'!$G$12:$G$761,0)),"")) | Y19: =IF(Y$6="","",IFERROR(INDEX('계산'!$E$12:$E$761,MATCH("19|13",'계산'!$G$12:$G$761,0)),"")) | Z19: =IF(Z$6="","",IFERROR(INDEX('계산'!$E$12:$E$761,MATCH("20|13",'계산'!$G$12:$G$761,0)),"")) | AA19: =IF(AA$6="","",IFERROR(INDEX('계산'!$E$12:$E$761,MATCH("21|13",'계산'!$G$12:$G$761,0)),"")) | AB19: =IF(AB$6="","",IFERROR(INDEX('계산'!$E$12:$E$761,MATCH("22|13",'계산'!$G$12:$G$761,0)),"")) | AC19: =IF(AC$6="","",IFERROR(INDEX('계산'!$E$12:$E$761,MATCH("23|13",'계산'!$G$12:$G$761,0)),"")) | AD19: =IF(AD$6="","",IFERROR(INDEX('계산'!$E$12:$E$761,MATCH("24|13",'계산'!$G$12:$G$761,0)),"")) | AE19: =IF(AE$6="","",IFERROR(INDEX('계산'!$E$12:$E$761,MATCH("25|13",'계산'!$G$12:$G$761,0)),"")) | AF19: =IF(AF$6="","",IFERROR(INDEX('계산'!$E$12:$E$761,MATCH("26|13",'계산'!$G$12:$G$761,0)),"")) | AG19: =IF(AG$6="","",IFERROR(INDEX('계산'!$E$12:$E$761,MATCH("27|13",'계산'!$G$12:$G$761,0)),"")) | AH19: =IF(AH$6="","",IFERROR(INDEX('계산'!$E$12:$E$761,MATCH("28|13",'계산'!$G$12:$G$761,0)),"")) | AI19: =IF(AI$6="","",IFERROR(INDEX('계산'!$E$12:$E$761,MATCH("29|13",'계산'!$G$12:$G$761,0)),"")) | AJ19: =IF(AJ$6="","",IFERROR(INDEX('계산'!$E$12:$E$761,MATCH("30|13",'계산'!$G$12:$G$761,0)),""))
E20: 14 | G20: =IF(G$6="","",IFERROR(INDEX('계산'!$E$12:$E$761,MATCH("1|14",'계산'!$G$12:$G$761,0)),"")) | H20: =IF(H$6="","",IFERROR(INDEX('계산'!$E$12:$E$761,MATCH("2|14",'계산'!$G$12:$G$761,0)),"")) | I20: =IF(I$6="","",IFERROR(INDEX('계산'!$E$12:$E$761,MATCH("3|14",'계산'!$G$12:$G$761,0)),"")) | J20: =IF(J$6="","",IFERROR(INDEX('계산'!$E$12:$E$761,MATCH("4|14",'계산'!$G$12:$G$761,0)),"")) | K20: =IF(K$6="","",IFERROR(INDEX('계산'!$E$12:$E$761,MATCH("5|14",'계산'!$G$12:$G$761,0)),"")) | L20: =IF(L$6="","",IFERROR(INDEX('계산'!$E$12:$E$761,MATCH("6|14",'계산'!$G$12:$G$761,0)),"")) | M20: =IF(M$6="","",IFERROR(INDEX('계산'!$E$12:$E$761,MATCH("7|14",'계산'!$G$12:$G$761,0)),"")) | N20: =IF(N$6="","",IFERROR(INDEX('계산'!$E$12:$E$761,MATCH("8|14",'계산'!$G$12:$G$761,0)),"")) | O20: =IF(O$6="","",IFERROR(INDEX('계산'!$E$12:$E$761,MATCH("9|14",'계산'!$G$12:$G$761,0)),"")) | P20: =IF(P$6="","",IFERROR(INDEX('계산'!$E$12:$E$761,MATCH("10|14",'계산'!$G$12:$G$761,0)),"")) | Q20: =IF(Q$6="","",IFERROR(INDEX('계산'!$E$12:$E$761,MATCH("11|14",'계산'!$G$12:$G$761,0)),"")) | R20: =IF(R$6="","",IFERROR(INDEX('계산'!$E$12:$E$761,MATCH("12|14",'계산'!$G$12:$G$761,0)),"")) | S20: =IF(S$6="","",IFERROR(INDEX('계산'!$E$12:$E$761,MATCH("13|14",'계산'!$G$12:$G$761,0)),"")) | T20: =IF(T$6="","",IFERROR(INDEX('계산'!$E$12:$E$761,MATCH("14|14",'계산'!$G$12:$G$761,0)),"")) | U20: =IF(U$6="","",IFERROR(INDEX('계산'!$E$12:$E$761,MATCH("15|14",'계산'!$G$12:$G$761,0)),"")) | V20: =IF(V$6="","",IFERROR(INDEX('계산'!$E$12:$E$761,MATCH("16|14",'계산'!$G$12:$G$761,0)),"")) | W20: =IF(W$6="","",IFERROR(INDEX('계산'!$E$12:$E$761,MATCH("17|14",'계산'!$G$12:$G$761,0)),"")) | X20: =IF(X$6="","",IFERROR(INDEX('계산'!$E$12:$E$761,MATCH("18|14",'계산'!$G$12:$G$761,0)),"")) | Y20: =IF(Y$6="","",IFERROR(INDEX('계산'!$E$12:$E$761,MATCH("19|14",'계산'!$G$12:$G$761,0)),"")) | Z20: =IF(Z$6="","",IFERROR(INDEX('계산'!$E$12:$E$761,MATCH("20|14",'계산'!$G$12:$G$761,0)),"")) | AA20: =IF(AA$6="","",IFERROR(INDEX('계산'!$E$12:$E$761,MATCH("21|14",'계산'!$G$12:$G$761,0)),"")) | AB20: =IF(AB$6="","",IFERROR(INDEX('계산'!$E$12:$E$761,MATCH("22|14",'계산'!$G$12:$G$761,0)),"")) | AC20: =IF(AC$6="","",IFERROR(INDEX('계산'!$E$12:$E$761,MATCH("23|14",'계산'!$G$12:$G$761,0)),"")) | AD20: =IF(AD$6="","",IFERROR(INDEX('계산'!$E$12:$E$761,MATCH("24|14",'계산'!$G$12:$G$761,0)),"")) | AE20: =IF(AE$6="","",IFERROR(INDEX('계산'!$E$12:$E$761,MATCH("25|14",'계산'!$G$12:$G$761,0)),"")) | AF20: =IF(AF$6="","",IFERROR(INDEX('계산'!$E$12:$E$761,MATCH("26|14",'계산'!$G$12:$G$761,0)),"")) | AG20: =IF(AG$6="","",IFERROR(INDEX('계산'!$E$12:$E$761,MATCH("27|14",'계산'!$G$12:$G$761,0)),"")) | AH20: =IF(AH$6="","",IFERROR(INDEX('계산'!$E$12:$E$761,MATCH("28|14",'계산'!$G$12:$G$761,0)),"")) | AI20: =IF(AI$6="","",IFERROR(INDEX('계산'!$E$12:$E$761,MATCH("29|14",'계산'!$G$12:$G$761,0)),"")) | AJ20: =IF(AJ$6="","",IFERROR(INDEX('계산'!$E$12:$E$761,MATCH("30|14",'계산'!$G$12:$G$761,0)),""))
B21: +Tol(USL) | C21: =IF(AND(ISNUMBER('계산'!$AO$17),ISNUMBER(C19)),'계산'!$AO$17-C19,"") | E21: 15 | G21: =IF(G$6="","",IFERROR(INDEX('계산'!$E$12:$E$761,MATCH("1|15",'계산'!$G$12:$G$761,0)),"")) | H21: =IF(H$6="","",IFERROR(INDEX('계산'!$E$12:$E$761,MATCH("2|15",'계산'!$G$12:$G$761,0)),"")) | I21: =IF(I$6="","",IFERROR(INDEX('계산'!$E$12:$E$761,MATCH("3|15",'계산'!$G$12:$G$761,0)),"")) | J21: =IF(J$6="","",IFERROR(INDEX('계산'!$E$12:$E$761,MATCH("4|15",'계산'!$G$12:$G$761,0)),"")) | K21: =IF(K$6="","",IFERROR(INDEX('계산'!$E$12:$E$761,MATCH("5|15",'계산'!$G$12:$G$761,0)),"")) | L21: =IF(L$6="","",IFERROR(INDEX('계산'!$E$12:$E$761,MATCH("6|15",'계산'!$G$12:$G$761,0)),"")) | M21: =IF(M$6="","",IFERROR(INDEX('계산'!$E$12:$E$761,MATCH("7|15",'계산'!$G$12:$G$761,0)),"")) | N21: =IF(N$6="","",IFERROR(INDEX('계산'!$E$12:$E$761,MATCH("8|15",'계산'!$G$12:$G$761,0)),"")) | O21: =IF(O$6="","",IFERROR(INDEX('계산'!$E$12:$E$761,MATCH("9|15",'계산'!$G$12:$G$761,0)),"")) | P21: =IF(P$6="","",IFERROR(INDEX('계산'!$E$12:$E$761,MATCH("10|15",'계산'!$G$12:$G$761,0)),"")) | Q21: =IF(Q$6="","",IFERROR(INDEX('계산'!$E$12:$E$761,MATCH("11|15",'계산'!$G$12:$G$761,0)),"")) | R21: =IF(R$6="","",IFERROR(INDEX('계산'!$E$12:$E$761,MATCH("12|15",'계산'!$G$12:$G$761,0)),"")) | S21: =IF(S$6="","",IFERROR(INDEX('계산'!$E$12:$E$761,MATCH("13|15",'계산'!$G$12:$G$761,0)),"")) | T21: =IF(T$6="","",IFERROR(INDEX('계산'!$E$12:$E$761,MATCH("14|15",'계산'!$G$12:$G$761,0)),"")) | U21: =IF(U$6="","",IFERROR(INDEX('계산'!$E$12:$E$761,MATCH("15|15",'계산'!$G$12:$G$761,0)),"")) | V21: =IF(V$6="","",IFERROR(INDEX('계산'!$E$12:$E$761,MATCH("16|15",'계산'!$G$12:$G$761,0)),"")) | W21: =IF(W$6="","",IFERROR(INDEX('계산'!$E$12:$E$761,MATCH("17|15",'계산'!$G$12:$G$761,0)),"")) | X21: =IF(X$6="","",IFERROR(INDEX('계산'!$E$12:$E$761,MATCH("18|15",'계산'!$G$12:$G$761,0)),"")) | Y21: =IF(Y$6="","",IFERROR(INDEX('계산'!$E$12:$E$761,MATCH("19|15",'계산'!$G$12:$G$761,0)),"")) | Z21: =IF(Z$6="","",IFERROR(INDEX('계산'!$E$12:$E$761,MATCH("20|15",'계산'!$G$12:$G$761,0)),"")) | AA21: =IF(AA$6="","",IFERROR(INDEX('계산'!$E$12:$E$761,MATCH("21|15",'계산'!$G$12:$G$761,0)),"")) | AB21: =IF(AB$6="","",IFERROR(INDEX('계산'!$E$12:$E$761,MATCH("22|15",'계산'!$G$12:$G$761,0)),"")) | AC21: =IF(AC$6="","",IFERROR(INDEX('계산'!$E$12:$E$761,MATCH("23|15",'계산'!$G$12:$G$761,0)),"")) | AD21: =IF(AD$6="","",IFERROR(INDEX('계산'!$E$12:$E$761,MATCH("24|15",'계산'!$G$12:$G$761,0)),"")) | AE21: =IF(AE$6="","",IFERROR(INDEX('계산'!$E$12:$E$761,MATCH("25|15",'계산'!$G$12:$G$761,0)),"")) | AF21: =IF(AF$6="","",IFERROR(INDEX('계산'!$E$12:$E$761,MATCH("26|15",'계산'!$G$12:$G$761,0)),"")) | AG21: =IF(AG$6="","",IFERROR(INDEX('계산'!$E$12:$E$761,MATCH("27|15",'계산'!$G$12:$G$761,0)),"")) | AH21: =IF(AH$6="","",IFERROR(INDEX('계산'!$E$12:$E$761,MATCH("28|15",'계산'!$G$12:$G$761,0)),"")) | AI21: =IF(AI$6="","",IFERROR(INDEX('계산'!$E$12:$E$761,MATCH("29|15",'계산'!$G$12:$G$761,0)),"")) | AJ21: =IF(AJ$6="","",IFERROR(INDEX('계산'!$E$12:$E$761,MATCH("30|15",'계산'!$G$12:$G$761,0)),""))
E22: 16 | G22: =IF(G$6="","",IFERROR(INDEX('계산'!$E$12:$E$761,MATCH("1|16",'계산'!$G$12:$G$761,0)),"")) | H22: =IF(H$6="","",IFERROR(INDEX('계산'!$E$12:$E$761,MATCH("2|16",'계산'!$G$12:$G$761,0)),"")) | I22: =IF(I$6="","",IFERROR(INDEX('계산'!$E$12:$E$761,MATCH("3|16",'계산'!$G$12:$G$761,0)),"")) | J22: =IF(J$6="","",IFERROR(INDEX('계산'!$E$12:$E$761,MATCH("4|16",'계산'!$G$12:$G$761,0)),"")) | K22: =IF(K$6="","",IFERROR(INDEX('계산'!$E$12:$E$761,MATCH("5|16",'계산'!$G$12:$G$761,0)),"")) | L22: =IF(L$6="","",IFERROR(INDEX('계산'!$E$12:$E$761,MATCH("6|16",'계산'!$G$12:$G$761,0)),"")) | M22: =IF(M$6="","",IFERROR(INDEX('계산'!$E$12:$E$761,MATCH("7|16",'계산'!$G$12:$G$761,0)),"")) | N22: =IF(N$6="","",IFERROR(INDEX('계산'!$E$12:$E$761,MATCH("8|16",'계산'!$G$12:$G$761,0)),"")) | O22: =IF(O$6="","",IFERROR(INDEX('계산'!$E$12:$E$761,MATCH("9|16",'계산'!$G$12:$G$761,0)),"")) | P22: =IF(P$6="","",IFERROR(INDEX('계산'!$E$12:$E$761,MATCH("10|16",'계산'!$G$12:$G$761,0)),"")) | Q22: =IF(Q$6="","",IFERROR(INDEX('계산'!$E$12:$E$761,MATCH("11|16",'계산'!$G$12:$G$761,0)),"")) | R22: =IF(R$6="","",IFERROR(INDEX('계산'!$E$12:$E$761,MATCH("12|16",'계산'!$G$12:$G$761,0)),"")) | S22: =IF(S$6="","",IFERROR(INDEX('계산'!$E$12:$E$761,MATCH("13|16",'계산'!$G$12:$G$761,0)),"")) | T22: =IF(T$6="","",IFERROR(INDEX('계산'!$E$12:$E$761,MATCH("14|16",'계산'!$G$12:$G$761,0)),"")) | U22: =IF(U$6="","",IFERROR(INDEX('계산'!$E$12:$E$761,MATCH("15|16",'계산'!$G$12:$G$761,0)),"")) | V22: =IF(V$6="","",IFERROR(INDEX('계산'!$E$12:$E$761,MATCH("16|16",'계산'!$G$12:$G$761,0)),"")) | W22: =IF(W$6="","",IFERROR(INDEX('계산'!$E$12:$E$761,MATCH("17|16",'계산'!$G$12:$G$761,0)),"")) | X22: =IF(X$6="","",IFERROR(INDEX('계산'!$E$12:$E$761,MATCH("18|16",'계산'!$G$12:$G$761,0)),"")) | Y22: =IF(Y$6="","",IFERROR(INDEX('계산'!$E$12:$E$761,MATCH("19|16",'계산'!$G$12:$G$761,0)),"")) | Z22: =IF(Z$6="","",IFERROR(INDEX('계산'!$E$12:$E$761,MATCH("20|16",'계산'!$G$12:$G$761,0)),"")) | AA22: =IF(AA$6="","",IFERROR(INDEX('계산'!$E$12:$E$761,MATCH("21|16",'계산'!$G$12:$G$761,0)),"")) | AB22: =IF(AB$6="","",IFERROR(INDEX('계산'!$E$12:$E$761,MATCH("22|16",'계산'!$G$12:$G$761,0)),"")) | AC22: =IF(AC$6="","",IFERROR(INDEX('계산'!$E$12:$E$761,MATCH("23|16",'계산'!$G$12:$G$761,0)),"")) | AD22: =IF(AD$6="","",IFERROR(INDEX('계산'!$E$12:$E$761,MATCH("24|16",'계산'!$G$12:$G$761,0)),"")) | AE22: =IF(AE$6="","",IFERROR(INDEX('계산'!$E$12:$E$761,MATCH("25|16",'계산'!$G$12:$G$761,0)),"")) | AF22: =IF(AF$6="","",IFERROR(INDEX('계산'!$E$12:$E$761,MATCH("26|16",'계산'!$G$12:$G$761,0)),"")) | AG22: =IF(AG$6="","",IFERROR(INDEX('계산'!$E$12:$E$761,MATCH("27|16",'계산'!$G$12:$G$761,0)),"")) | AH22: =IF(AH$6="","",IFERROR(INDEX('계산'!$E$12:$E$761,MATCH("28|16",'계산'!$G$12:$G$761,0)),"")) | AI22: =IF(AI$6="","",IFERROR(INDEX('계산'!$E$12:$E$761,MATCH("29|16",'계산'!$G$12:$G$761,0)),"")) | AJ22: =IF(AJ$6="","",IFERROR(INDEX('계산'!$E$12:$E$761,MATCH("30|16",'계산'!$G$12:$G$761,0)),""))
B23: -Tol(LSL) | C23: =IF(AND(ISNUMBER('계산'!$AO$15),ISNUMBER(C19)),C19-'계산'!$AO$15,"") | E23: 17 | G23: =IF(G$6="","",IFERROR(INDEX('계산'!$E$12:$E$761,MATCH("1|17",'계산'!$G$12:$G$761,0)),"")) | H23: =IF(H$6="","",IFERROR(INDEX('계산'!$E$12:$E$761,MATCH("2|17",'계산'!$G$12:$G$761,0)),"")) | I23: =IF(I$6="","",IFERROR(INDEX('계산'!$E$12:$E$761,MATCH("3|17",'계산'!$G$12:$G$761,0)),"")) | J23: =IF(J$6="","",IFERROR(INDEX('계산'!$E$12:$E$761,MATCH("4|17",'계산'!$G$12:$G$761,0)),"")) | K23: =IF(K$6="","",IFERROR(INDEX('계산'!$E$12:$E$761,MATCH("5|17",'계산'!$G$12:$G$761,0)),"")) | L23: =IF(L$6="","",IFERROR(INDEX('계산'!$E$12:$E$761,MATCH("6|17",'계산'!$G$12:$G$761,0)),"")) | M23: =IF(M$6="","",IFERROR(INDEX('계산'!$E$12:$E$761,MATCH("7|17",'계산'!$G$12:$G$761,0)),"")) | N23: =IF(N$6="","",IFERROR(INDEX('계산'!$E$12:$E$761,MATCH("8|17",'계산'!$G$12:$G$761,0)),"")) | O23: =IF(O$6="","",IFERROR(INDEX('계산'!$E$12:$E$761,MATCH("9|17",'계산'!$G$12:$G$761,0)),"")) | P23: =IF(P$6="","",IFERROR(INDEX('계산'!$E$12:$E$761,MATCH("10|17",'계산'!$G$12:$G$761,0)),"")) | Q23: =IF(Q$6="","",IFERROR(INDEX('계산'!$E$12:$E$761,MATCH("11|17",'계산'!$G$12:$G$761,0)),"")) | R23: =IF(R$6="","",IFERROR(INDEX('계산'!$E$12:$E$761,MATCH("12|17",'계산'!$G$12:$G$761,0)),"")) | S23: =IF(S$6="","",IFERROR(INDEX('계산'!$E$12:$E$761,MATCH("13|17",'계산'!$G$12:$G$761,0)),"")) | T23: =IF(T$6="","",IFERROR(INDEX('계산'!$E$12:$E$761,MATCH("14|17",'계산'!$G$12:$G$761,0)),"")) | U23: =IF(U$6="","",IFERROR(INDEX('계산'!$E$12:$E$761,MATCH("15|17",'계산'!$G$12:$G$761,0)),"")) | V23: =IF(V$6="","",IFERROR(INDEX('계산'!$E$12:$E$761,MATCH("16|17",'계산'!$G$12:$G$761,0)),"")) | W23: =IF(W$6="","",IFERROR(INDEX('계산'!$E$12:$E$761,MATCH("17|17",'계산'!$G$12:$G$761,0)),"")) | X23: =IF(X$6="","",IFERROR(INDEX('계산'!$E$12:$E$761,MATCH("18|17",'계산'!$G$12:$G$761,0)),"")) | Y23: =IF(Y$6="","",IFERROR(INDEX('계산'!$E$12:$E$761,MATCH("19|17",'계산'!$G$12:$G$761,0)),"")) | Z23: =IF(Z$6="","",IFERROR(INDEX('계산'!$E$12:$E$761,MATCH("20|17",'계산'!$G$12:$G$761,0)),"")) | AA23: =IF(AA$6="","",IFERROR(INDEX('계산'!$E$12:$E$761,MATCH("21|17",'계산'!$G$12:$G$761,0)),"")) | AB23: =IF(AB$6="","",IFERROR(INDEX('계산'!$E$12:$E$761,MATCH("22|17",'계산'!$G$12:$G$761,0)),"")) | AC23: =IF(AC$6="","",IFERROR(INDEX('계산'!$E$12:$E$761,MATCH("23|17",'계산'!$G$12:$G$761,0)),"")) | AD23: =IF(AD$6="","",IFERROR(INDEX('계산'!$E$12:$E$761,MATCH("24|17",'계산'!$G$12:$G$761,0)),"")) | AE23: =IF(AE$6="","",IFERROR(INDEX('계산'!$E$12:$E$761,MATCH("25|17",'계산'!$G$12:$G$761,0)),"")) | AF23: =IF(AF$6="","",IFERROR(INDEX('계산'!$E$12:$E$761,MATCH("26|17",'계산'!$G$12:$G$761,0)),"")) | AG23: =IF(AG$6="","",IFERROR(INDEX('계산'!$E$12:$E$761,MATCH("27|17",'계산'!$G$12:$G$761,0)),"")) | AH23: =IF(AH$6="","",IFERROR(INDEX('계산'!$E$12:$E$761,MATCH("28|17",'계산'!$G$12:$G$761,0)),"")) | AI23: =IF(AI$6="","",IFERROR(INDEX('계산'!$E$12:$E$761,MATCH("29|17",'계산'!$G$12:$G$761,0)),"")) | AJ23: =IF(AJ$6="","",IFERROR(INDEX('계산'!$E$12:$E$761,MATCH("30|17",'계산'!$G$12:$G$761,0)),""))
E24: 18 | G24: =IF(G$6="","",IFERROR(INDEX('계산'!$E$12:$E$761,MATCH("1|18",'계산'!$G$12:$G$761,0)),"")) | H24: =IF(H$6="","",IFERROR(INDEX('계산'!$E$12:$E$761,MATCH("2|18",'계산'!$G$12:$G$761,0)),"")) | I24: =IF(I$6="","",IFERROR(INDEX('계산'!$E$12:$E$761,MATCH("3|18",'계산'!$G$12:$G$761,0)),"")) | J24: =IF(J$6="","",IFERROR(INDEX('계산'!$E$12:$E$761,MATCH("4|18",'계산'!$G$12:$G$761,0)),"")) | K24: =IF(K$6="","",IFERROR(INDEX('계산'!$E$12:$E$761,MATCH("5|18",'계산'!$G$12:$G$761,0)),"")) | L24: =IF(L$6="","",IFERROR(INDEX('계산'!$E$12:$E$761,MATCH("6|18",'계산'!$G$12:$G$761,0)),"")) | M24: =IF(M$6="","",IFERROR(INDEX('계산'!$E$12:$E$761,MATCH("7|18",'계산'!$G$12:$G$761,0)),"")) | N24: =IF(N$6="","",IFERROR(INDEX('계산'!$E$12:$E$761,MATCH("8|18",'계산'!$G$12:$G$761,0)),"")) | O24: =IF(O$6="","",IFERROR(INDEX('계산'!$E$12:$E$761,MATCH("9|18",'계산'!$G$12:$G$761,0)),"")) | P24: =IF(P$6="","",IFERROR(INDEX('계산'!$E$12:$E$761,MATCH("10|18",'계산'!$G$12:$G$761,0)),"")) | Q24: =IF(Q$6="","",IFERROR(INDEX('계산'!$E$12:$E$761,MATCH("11|18",'계산'!$G$12:$G$761,0)),"")) | R24: =IF(R$6="","",IFERROR(INDEX('계산'!$E$12:$E$761,MATCH("12|18",'계산'!$G$12:$G$761,0)),"")) | S24: =IF(S$6="","",IFERROR(INDEX('계산'!$E$12:$E$761,MATCH("13|18",'계산'!$G$12:$G$761,0)),"")) | T24: =IF(T$6="","",IFERROR(INDEX('계산'!$E$12:$E$761,MATCH("14|18",'계산'!$G$12:$G$761,0)),"")) | U24: =IF(U$6="","",IFERROR(INDEX('계산'!$E$12:$E$761,MATCH("15|18",'계산'!$G$12:$G$761,0)),"")) | V24: =IF(V$6="","",IFERROR(INDEX('계산'!$E$12:$E$761,MATCH("16|18",'계산'!$G$12:$G$761,0)),"")) | W24: =IF(W$6="","",IFERROR(INDEX('계산'!$E$12:$E$761,MATCH("17|18",'계산'!$G$12:$G$761,0)),"")) | X24: =IF(X$6="","",IFERROR(INDEX('계산'!$E$12:$E$761,MATCH("18|18",'계산'!$G$12:$G$761,0)),"")) | Y24: =IF(Y$6="","",IFERROR(INDEX('계산'!$E$12:$E$761,MATCH("19|18",'계산'!$G$12:$G$761,0)),"")) | Z24: =IF(Z$6="","",IFERROR(INDEX('계산'!$E$12:$E$761,MATCH("20|18",'계산'!$G$12:$G$761,0)),"")) | AA24: =IF(AA$6="","",IFERROR(INDEX('계산'!$E$12:$E$761,MATCH("21|18",'계산'!$G$12:$G$761,0)),"")) | AB24: =IF(AB$6="","",IFERROR(INDEX('계산'!$E$12:$E$761,MATCH("22|18",'계산'!$G$12:$G$761,0)),"")) | AC24: =IF(AC$6="","",IFERROR(INDEX('계산'!$E$12:$E$761,MATCH("23|18",'계산'!$G$12:$G$761,0)),"")) | AD24: =IF(AD$6="","",IFERROR(INDEX('계산'!$E$12:$E$761,MATCH("24|18",'계산'!$G$12:$G$761,0)),"")) | AE24: =IF(AE$6="","",IFERROR(INDEX('계산'!$E$12:$E$761,MATCH("25|18",'계산'!$G$12:$G$761,0)),"")) | AF24: =IF(AF$6="","",IFERROR(INDEX('계산'!$E$12:$E$761,MATCH("26|18",'계산'!$G$12:$G$761,0)),"")) | AG24: =IF(AG$6="","",IFERROR(INDEX('계산'!$E$12:$E$761,MATCH("27|18",'계산'!$G$12:$G$761,0)),"")) | AH24: =IF(AH$6="","",IFERROR(INDEX('계산'!$E$12:$E$761,MATCH("28|18",'계산'!$G$12:$G$761,0)),"")) | AI24: =IF(AI$6="","",IFERROR(INDEX('계산'!$E$12:$E$761,MATCH("29|18",'계산'!$G$12:$G$761,0)),"")) | AJ24: =IF(AJ$6="","",IFERROR(INDEX('계산'!$E$12:$E$761,MATCH("30|18",'계산'!$G$12:$G$761,0)),""))
B25: 종 류 | C25: =IF(AND(ISNUMBER('계산'!$AO$15),ISNUMBER('계산'!$AO$17)),"양쪽규격",IF(OR(ISNUMBER('계산'!$AO$15),ISNUMBER('계산'!$AO$17)),"한쪽규격","")) | E25: 19 | G25: =IF(G$6="","",IFERROR(INDEX('계산'!$E$12:$E$761,MATCH("1|19",'계산'!$G$12:$G$761,0)),"")) | H25: =IF(H$6="","",IFERROR(INDEX('계산'!$E$12:$E$761,MATCH("2|19",'계산'!$G$12:$G$761,0)),"")) | I25: =IF(I$6="","",IFERROR(INDEX('계산'!$E$12:$E$761,MATCH("3|19",'계산'!$G$12:$G$761,0)),"")) | J25: =IF(J$6="","",IFERROR(INDEX('계산'!$E$12:$E$761,MATCH("4|19",'계산'!$G$12:$G$761,0)),"")) | K25: =IF(K$6="","",IFERROR(INDEX('계산'!$E$12:$E$761,MATCH("5|19",'계산'!$G$12:$G$761,0)),"")) | L25: =IF(L$6="","",IFERROR(INDEX('계산'!$E$12:$E$761,MATCH("6|19",'계산'!$G$12:$G$761,0)),"")) | M25: =IF(M$6="","",IFERROR(INDEX('계산'!$E$12:$E$761,MATCH("7|19",'계산'!$G$12:$G$761,0)),"")) | N25: =IF(N$6="","",IFERROR(INDEX('계산'!$E$12:$E$761,MATCH("8|19",'계산'!$G$12:$G$761,0)),"")) | O25: =IF(O$6="","",IFERROR(INDEX('계산'!$E$12:$E$761,MATCH("9|19",'계산'!$G$12:$G$761,0)),"")) | P25: =IF(P$6="","",IFERROR(INDEX('계산'!$E$12:$E$761,MATCH("10|19",'계산'!$G$12:$G$761,0)),"")) | Q25: =IF(Q$6="","",IFERROR(INDEX('계산'!$E$12:$E$761,MATCH("11|19",'계산'!$G$12:$G$761,0)),"")) | R25: =IF(R$6="","",IFERROR(INDEX('계산'!$E$12:$E$761,MATCH("12|19",'계산'!$G$12:$G$761,0)),"")) | S25: =IF(S$6="","",IFERROR(INDEX('계산'!$E$12:$E$761,MATCH("13|19",'계산'!$G$12:$G$761,0)),"")) | T25: =IF(T$6="","",IFERROR(INDEX('계산'!$E$12:$E$761,MATCH("14|19",'계산'!$G$12:$G$761,0)),"")) | U25: =IF(U$6="","",IFERROR(INDEX('계산'!$E$12:$E$761,MATCH("15|19",'계산'!$G$12:$G$761,0)),"")) | V25: =IF(V$6="","",IFERROR(INDEX('계산'!$E$12:$E$761,MATCH("16|19",'계산'!$G$12:$G$761,0)),"")) | W25: =IF(W$6="","",IFERROR(INDEX('계산'!$E$12:$E$761,MATCH("17|19",'계산'!$G$12:$G$761,0)),"")) | X25: =IF(X$6="","",IFERROR(INDEX('계산'!$E$12:$E$761,MATCH("18|19",'계산'!$G$12:$G$761,0)),"")) | Y25: =IF(Y$6="","",IFERROR(INDEX('계산'!$E$12:$E$761,MATCH("19|19",'계산'!$G$12:$G$761,0)),"")) | Z25: =IF(Z$6="","",IFERROR(INDEX('계산'!$E$12:$E$761,MATCH("20|19",'계산'!$G$12:$G$761,0)),"")) | AA25: =IF(AA$6="","",IFERROR(INDEX('계산'!$E$12:$E$761,MATCH("21|19",'계산'!$G$12:$G$761,0)),"")) | AB25: =IF(AB$6="","",IFERROR(INDEX('계산'!$E$12:$E$761,MATCH("22|19",'계산'!$G$12:$G$761,0)),"")) | AC25: =IF(AC$6="","",IFERROR(INDEX('계산'!$E$12:$E$761,MATCH("23|19",'계산'!$G$12:$G$761,0)),"")) | AD25: =IF(AD$6="","",IFERROR(INDEX('계산'!$E$12:$E$761,MATCH("24|19",'계산'!$G$12:$G$761,0)),"")) | AE25: =IF(AE$6="","",IFERROR(INDEX('계산'!$E$12:$E$761,MATCH("25|19",'계산'!$G$12:$G$761,0)),"")) | AF25: =IF(AF$6="","",IFERROR(INDEX('계산'!$E$12:$E$761,MATCH("26|19",'계산'!$G$12:$G$761,0)),"")) | AG25: =IF(AG$6="","",IFERROR(INDEX('계산'!$E$12:$E$761,MATCH("27|19",'계산'!$G$12:$G$761,0)),"")) | AH25: =IF(AH$6="","",IFERROR(INDEX('계산'!$E$12:$E$761,MATCH("28|19",'계산'!$G$12:$G$761,0)),"")) | AI25: =IF(AI$6="","",IFERROR(INDEX('계산'!$E$12:$E$761,MATCH("29|19",'계산'!$G$12:$G$761,0)),"")) | AJ25: =IF(AJ$6="","",IFERROR(INDEX('계산'!$E$12:$E$761,MATCH("30|19",'계산'!$G$12:$G$761,0)),""))
E26: 20 | G26: =IF(G$6="","",IFERROR(INDEX('계산'!$E$12:$E$761,MATCH("1|20",'계산'!$G$12:$G$761,0)),"")) | H26: =IF(H$6="","",IFERROR(INDEX('계산'!$E$12:$E$761,MATCH("2|20",'계산'!$G$12:$G$761,0)),"")) | I26: =IF(I$6="","",IFERROR(INDEX('계산'!$E$12:$E$761,MATCH("3|20",'계산'!$G$12:$G$761,0)),"")) | J26: =IF(J$6="","",IFERROR(INDEX('계산'!$E$12:$E$761,MATCH("4|20",'계산'!$G$12:$G$761,0)),"")) | K26: =IF(K$6="","",IFERROR(INDEX('계산'!$E$12:$E$761,MATCH("5|20",'계산'!$G$12:$G$761,0)),"")) | L26: =IF(L$6="","",IFERROR(INDEX('계산'!$E$12:$E$761,MATCH("6|20",'계산'!$G$12:$G$761,0)),"")) | M26: =IF(M$6="","",IFERROR(INDEX('계산'!$E$12:$E$761,MATCH("7|20",'계산'!$G$12:$G$761,0)),"")) | N26: =IF(N$6="","",IFERROR(INDEX('계산'!$E$12:$E$761,MATCH("8|20",'계산'!$G$12:$G$761,0)),"")) | O26: =IF(O$6="","",IFERROR(INDEX('계산'!$E$12:$E$761,MATCH("9|20",'계산'!$G$12:$G$761,0)),"")) | P26: =IF(P$6="","",IFERROR(INDEX('계산'!$E$12:$E$761,MATCH("10|20",'계산'!$G$12:$G$761,0)),"")) | Q26: =IF(Q$6="","",IFERROR(INDEX('계산'!$E$12:$E$761,MATCH("11|20",'계산'!$G$12:$G$761,0)),"")) | R26: =IF(R$6="","",IFERROR(INDEX('계산'!$E$12:$E$761,MATCH("12|20",'계산'!$G$12:$G$761,0)),"")) | S26: =IF(S$6="","",IFERROR(INDEX('계산'!$E$12:$E$761,MATCH("13|20",'계산'!$G$12:$G$761,0)),"")) | T26: =IF(T$6="","",IFERROR(INDEX('계산'!$E$12:$E$761,MATCH("14|20",'계산'!$G$12:$G$761,0)),"")) | U26: =IF(U$6="","",IFERROR(INDEX('계산'!$E$12:$E$761,MATCH("15|20",'계산'!$G$12:$G$761,0)),"")) | V26: =IF(V$6="","",IFERROR(INDEX('계산'!$E$12:$E$761,MATCH("16|20",'계산'!$G$12:$G$761,0)),"")) | W26: =IF(W$6="","",IFERROR(INDEX('계산'!$E$12:$E$761,MATCH("17|20",'계산'!$G$12:$G$761,0)),"")) | X26: =IF(X$6="","",IFERROR(INDEX('계산'!$E$12:$E$761,MATCH("18|20",'계산'!$G$12:$G$761,0)),"")) | Y26: =IF(Y$6="","",IFERROR(INDEX('계산'!$E$12:$E$761,MATCH("19|20",'계산'!$G$12:$G$761,0)),"")) | Z26: =IF(Z$6="","",IFERROR(INDEX('계산'!$E$12:$E$761,MATCH("20|20",'계산'!$G$12:$G$761,0)),"")) | AA26: =IF(AA$6="","",IFERROR(INDEX('계산'!$E$12:$E$761,MATCH("21|20",'계산'!$G$12:$G$761,0)),"")) | AB26: =IF(AB$6="","",IFERROR(INDEX('계산'!$E$12:$E$761,MATCH("22|20",'계산'!$G$12:$G$761,0)),"")) | AC26: =IF(AC$6="","",IFERROR(INDEX('계산'!$E$12:$E$761,MATCH("23|20",'계산'!$G$12:$G$761,0)),"")) | AD26: =IF(AD$6="","",IFERROR(INDEX('계산'!$E$12:$E$761,MATCH("24|20",'계산'!$G$12:$G$761,0)),"")) | AE26: =IF(AE$6="","",IFERROR(INDEX('계산'!$E$12:$E$761,MATCH("25|20",'계산'!$G$12:$G$761,0)),"")) | AF26: =IF(AF$6="","",IFERROR(INDEX('계산'!$E$12:$E$761,MATCH("26|20",'계산'!$G$12:$G$761,0)),"")) | AG26: =IF(AG$6="","",IFERROR(INDEX('계산'!$E$12:$E$761,MATCH("27|20",'계산'!$G$12:$G$761,0)),"")) | AH26: =IF(AH$6="","",IFERROR(INDEX('계산'!$E$12:$E$761,MATCH("28|20",'계산'!$G$12:$G$761,0)),"")) | AI26: =IF(AI$6="","",IFERROR(INDEX('계산'!$E$12:$E$761,MATCH("29|20",'계산'!$G$12:$G$761,0)),"")) | AJ26: =IF(AJ$6="","",IFERROR(INDEX('계산'!$E$12:$E$761,MATCH("30|20",'계산'!$G$12:$G$761,0)),""))
E27: 평균(X) | G27: =IF(G$6="","",'계산'!$M$2) | H27: =IF(H$6="","",'계산'!$M$3) | I27: =IF(I$6="","",'계산'!$M$4) | J27: =IF(J$6="","",'계산'!$M$5) | K27: =IF(K$6="","",'계산'!$M$6) | L27: =IF(L$6="","",'계산'!$M$7) | M27: =IF(M$6="","",'계산'!$M$8) | N27: =IF(N$6="","",'계산'!$M$9) | O27: =IF(O$6="","",'계산'!$M$10) | P27: =IF(P$6="","",'계산'!$M$11) | Q27: =IF(Q$6="","",'계산'!$M$12) | R27: =IF(R$6="","",'계산'!$M$13) | S27: =IF(S$6="","",'계산'!$M$14) | T27: =IF(T$6="","",'계산'!$M$15) | U27: =IF(U$6="","",'계산'!$M$16) | V27: =IF(V$6="","",'계산'!$M$17) | W27: =IF(W$6="","",'계산'!$M$18) | X27: =IF(X$6="","",'계산'!$M$19) | Y27: =IF(Y$6="","",'계산'!$M$20) | Z27: =IF(Z$6="","",'계산'!$M$21) | AA27: =IF(AA$6="","",'계산'!$M$22) | AB27: =IF(AB$6="","",'계산'!$M$23) | AC27: =IF(AC$6="","",'계산'!$M$24) | AD27: =IF(AD$6="","",'계산'!$M$25) | AE27: =IF(AE$6="","",'계산'!$M$26) | AF27: =IF(AF$6="","",'계산'!$M$27) | AG27: =IF(AG$6="","",'계산'!$M$28) | AH27: =IF(AH$6="","",'계산'!$M$29) | AI27: =IF(AI$6="","",'계산'!$M$30) | AJ27: =IF(AJ$6="","",'계산'!$M$31)
E28: 범위(R) | G28: =IF(G$6="","",'계산'!$N$2) | H28: =IF(H$6="","",'계산'!$N$3) | I28: =IF(I$6="","",'계산'!$N$4) | J28: =IF(J$6="","",'계산'!$N$5) | K28: =IF(K$6="","",'계산'!$N$6) | L28: =IF(L$6="","",'계산'!$N$7) | M28: =IF(M$6="","",'계산'!$N$8) | N28: =IF(N$6="","",'계산'!$N$9) | O28: =IF(O$6="","",'계산'!$N$10) | P28: =IF(P$6="","",'계산'!$N$11) | Q28: =IF(Q$6="","",'계산'!$N$12) | R28: =IF(R$6="","",'계산'!$N$13) | S28: =IF(S$6="","",'계산'!$N$14) | T28: =IF(T$6="","",'계산'!$N$15) | U28: =IF(U$6="","",'계산'!$N$16) | V28: =IF(V$6="","",'계산'!$N$17) | W28: =IF(W$6="","",'계산'!$N$18) | X28: =IF(X$6="","",'계산'!$N$19) | Y28: =IF(Y$6="","",'계산'!$N$20) | Z28: =IF(Z$6="","",'계산'!$N$21) | AA28: =IF(AA$6="","",'계산'!$N$22) | AB28: =IF(AB$6="","",'계산'!$N$23) | AC28: =IF(AC$6="","",'계산'!$N$24) | AD28: =IF(AD$6="","",'계산'!$N$25) | AE28: =IF(AE$6="","",'계산'!$N$26) | AF28: =IF(AF$6="","",'계산'!$N$27) | AG28: =IF(AG$6="","",'계산'!$N$28) | AH28: =IF(AH$6="","",'계산'!$N$29) | AI28: =IF(AI$6="","",'계산'!$N$30) | AJ28: =IF(AJ$6="","",'계산'!$N$31)
E29: 관리 상태 | G29: =IF(G$6="","",IF(OR(ISNUMBER('계산'!$S$2),ISNUMBER('계산'!$Y$2)),"이탈","OK")) | H29: =IF(H$6="","",IF(OR(ISNUMBER('계산'!$S$3),ISNUMBER('계산'!$Y$3)),"이탈","OK")) | I29: =IF(I$6="","",IF(OR(ISNUMBER('계산'!$S$4),ISNUMBER('계산'!$Y$4)),"이탈","OK")) | J29: =IF(J$6="","",IF(OR(ISNUMBER('계산'!$S$5),ISNUMBER('계산'!$Y$5)),"이탈","OK")) | K29: =IF(K$6="","",IF(OR(ISNUMBER('계산'!$S$6),ISNUMBER('계산'!$Y$6)),"이탈","OK")) | L29: =IF(L$6="","",IF(OR(ISNUMBER('계산'!$S$7),ISNUMBER('계산'!$Y$7)),"이탈","OK")) | M29: =IF(M$6="","",IF(OR(ISNUMBER('계산'!$S$8),ISNUMBER('계산'!$Y$8)),"이탈","OK")) | N29: =IF(N$6="","",IF(OR(ISNUMBER('계산'!$S$9),ISNUMBER('계산'!$Y$9)),"이탈","OK")) | O29: =IF(O$6="","",IF(OR(ISNUMBER('계산'!$S$10),ISNUMBER('계산'!$Y$10)),"이탈","OK")) | P29: =IF(P$6="","",IF(OR(ISNUMBER('계산'!$S$11),ISNUMBER('계산'!$Y$11)),"이탈","OK")) | Q29: =IF(Q$6="","",IF(OR(ISNUMBER('계산'!$S$12),ISNUMBER('계산'!$Y$12)),"이탈","OK")) | R29: =IF(R$6="","",IF(OR(ISNUMBER('계산'!$S$13),ISNUMBER('계산'!$Y$13)),"이탈","OK")) | S29: =IF(S$6="","",IF(OR(ISNUMBER('계산'!$S$14),ISNUMBER('계산'!$Y$14)),"이탈","OK")) | T29: =IF(T$6="","",IF(OR(ISNUMBER('계산'!$S$15),ISNUMBER('계산'!$Y$15)),"이탈","OK")) | U29: =IF(U$6="","",IF(OR(ISNUMBER('계산'!$S$16),ISNUMBER('계산'!$Y$16)),"이탈","OK")) | V29: =IF(V$6="","",IF(OR(ISNUMBER('계산'!$S$17),ISNUMBER('계산'!$Y$17)),"이탈","OK")) | W29: =IF(W$6="","",IF(OR(ISNUMBER('계산'!$S$18),ISNUMBER('계산'!$Y$18)),"이탈","OK")) | X29: =IF(X$6="","",IF(OR(ISNUMBER('계산'!$S$19),ISNUMBER('계산'!$Y$19)),"이탈","OK")) | Y29: =IF(Y$6="","",IF(OR(ISNUMBER('계산'!$S$20),ISNUMBER('계산'!$Y$20)),"이탈","OK")) | Z29: =IF(Z$6="","",IF(OR(ISNUMBER('계산'!$S$21),ISNUMBER('계산'!$Y$21)),"이탈","OK")) | AA29: =IF(AA$6="","",IF(OR(ISNUMBER('계산'!$S$22),ISNUMBER('계산'!$Y$22)),"이탈","OK")) | AB29: =IF(AB$6="","",IF(OR(ISNUMBER('계산'!$S$23),ISNUMBER('계산'!$Y$23)),"이탈","OK")) | AC29: =IF(AC$6="","",IF(OR(ISNUMBER('계산'!$S$24),ISNUMBER('계산'!$Y$24)),"이탈","OK")) | AD29: =IF(AD$6="","",IF(OR(ISNUMBER('계산'!$S$25),ISNUMBER('계산'!$Y$25)),"이탈","OK")) | AE29: =IF(AE$6="","",IF(OR(ISNUMBER('계산'!$S$26),ISNUMBER('계산'!$Y$26)),"이탈","OK")) | AF29: =IF(AF$6="","",IF(OR(ISNUMBER('계산'!$S$27),ISNUMBER('계산'!$Y$27)),"이탈","OK")) | AG29: =IF(AG$6="","",IF(OR(ISNUMBER('계산'!$S$28),ISNUMBER('계산'!$Y$28)),"이탈","OK")) | AH29: =IF(AH$6="","",IF(OR(ISNUMBER('계산'!$S$29),ISNUMBER('계산'!$Y$29)),"이탈","OK")) | AI29: =IF(AI$6="","",IF(OR(ISNUMBER('계산'!$S$30),ISNUMBER('계산'!$Y$30)),"이탈","OK")) | AJ29: =IF(AJ$6="","",IF(OR(ISNUMBER('계산'!$S$31),ISNUMBER('계산'!$Y$31)),"이탈","OK"))
A31: 2. 통계치 Summary | E31: 4. Histogram | S31: 5. X̄-R 관리도
A32: 추정불량율 /ppm | C32: ='계산'!$AO$33
A33: Cpk | C33: ='계산'!$AO$25
A34: Cpk 판정 | C34: =IF(ISNUMBER('계산'!$AO$25),IF('계산'!$AO$25>=1.33,"OK (1.33이상)","NG (1.33미만)"),"")
A35: Cpu | C35: ='계산'!$AO$24
A36: Cpl | C36: ='계산'!$AO$23
A37: Cp | C37: ='계산'!$AO$22
A38: Ppk | C38: ='계산'!$AO$29
A39: 최대값 | C39: ='계산'!$B$6
A40: 최소값 | C40: ='계산'!$B$7
A41: 평균(X) | C41: ='계산'!$AO$19
A42: 표준편차(전체) | C42: ='계산'!$AO$20
A43: 표준편차(군내) | C43: ='계산'!$AO$21
A44: X | B44: UCL | C44: ='계산'!$AO$34
B45: CL | C45: ='계산'!$AO$35
B46: LCL | C46: ='계산'!$AO$36
A47: R | B47: UCL | C47: ='계산'!$AO$37
B48: CL | C48: ='계산'!$AO$38
B49: USL | C49: ='계산'!$AO$39
A50: 이탈 Lot (X / R) | C50: =IF('계산'!$AN$40="","",'계산'!$AN$40&" / "&'계산'!$AN$41)
A57: ★ 공정능력 유무의 판단 기준 ★ | G57: ▶ Cpk ≥ 1.67 : 공정능력 매우 충분 ▶ 1.67 > Cpk ≥ 1.33 : 공정능력이 충분 ▶ 1.33 > Cpk ≥ 1.00 : 공정능력이 있음 ▶ 1.00 > Cpk ≥ 0.67 : 공정능력이 부족 ▶ 0.67 > Cpk : 공정능력이 없음

Sheet 계산
A1: 선택 기록ID | B1: =IFERROR(IF(TRIM('SPC Chart'!$C$3)<>"",TRIM('SPC Chart'!$C$3),INDEX(R_ID,R_LAST)),"") | J1: k | K1: Lot | L1: 개수 | M1: 평균 | N1: 범위 | O1: Xbar | P1: UCL(+3σ) | Q1: CL | R1: LCL(-3σ) | S1: Xbar 이탈 | T1: Lot명 | U1: R | V1: UCL(+3σ) | W1: CL | X1: USL | Y1: R 이탈 | AA1: 히스토그램 | AM1: 항목 | AN1: 값(글자) | AO1: 값(숫자)
A2: 결과기록 행 | B2: =IFERROR(MATCH($B$1,R_ID,0),"") | J2: 1 | K2: =IFERROR(INDEX($C$12:$C$761,MATCH(J2,$F$12:$F$761,0)),"") | L2: =COUNTIF($F$12:$F$761,J2) | M2: =IF(L2=0,"",AVERAGEIF($F$12:$F$761,J2,$E$12:$E$761)) | N2: =IF(L2=0,"",MAX(INDEX($E$12:$E$761,MATCH(J2,$F$12:$F$761,0)):INDEX($E$12:$E$761,MATCH(J2,$F$12:$F$761,0)+L2-1))-MIN(INDEX($E$12:$E$761,MATCH(J2,$F$12:$F$761,0)):INDEX($E$12:$E$761,MATCH(J2,$F$12:$F$761,0)+L2-1))) | O2: =IF(AND(J2<=$B$5,L2>0),M2,NA()) | P2: =IF(J2<=$B$5,IF(ISNUMBER($AO$34),$AO$34,NA()),NA()) | Q2: =IF(J2<=$B$5,IF(ISNUMBER($AO$35),$AO$35,NA()),NA()) | R2: =IF(J2<=$B$5,IF(ISNUMBER($AO$36),$AO$36,NA()),NA()) | S2: =IF(AND(J2<=$B$5,L2>0),IF(OR(M2>P2,M2<R2),M2,NA()),NA()) | T2: =IF(J2<=$B$5,K2,"") | U2: =IF(AND(J2<=$B$5,L2>0),N2,NA()) | V2: =IF(J2<=$B$5,IF(ISNUMBER($AO$37),$AO$37,NA()),NA()) | W2: =IF(J2<=$B$5,IF(ISNUMBER($AO$38),$AO$38,NA()),NA()) | X2: =IF(J2<=$B$5,IF(ISNUMBER($AO$39),$AO$39,NA()),NA()) | Y2: =IF(AND(J2<=$B$5,L2>0),IF(N2>V2,N2,NA()),NA()) | AA2: 시작 | AB2: =IF($B$4=0,0,MIN($B$7,IF(ISNUMBER($AO$15),$AO$15,$B$7))-(MAX($B$6,IF(ISNUMBER($AO$17),$AO$17,$B$6))-MIN($B$7,IF(ISNUMBER($AO$15),$AO$15,$B$7)))*0.03) | AM2: 기록ID | AN2: =IF($B$2="","",IFERROR(INDEX(R_BODY,$B$2,MATCH($AM2,R_HDR,0))&"","")) | AO2: =IF(AN2="","",IFERROR(VALUE(AN2),AN2))
A3: 측정데이터 첫 행 | B3: =IFERROR(MATCH($B$1,D_ID,0),0) | J3: 2 | K3: =IFERROR(INDEX($C$12:$C$761,MATCH(J3,$F$12:$F$761,0)),"") | L3: =COUNTIF($F$12:$F$761,J3) | M3: =IF(L3=0,"",AVERAGEIF($F$12:$F$761,J3,$E$12:$E$761)) | N3: =IF(L3=0,"",MAX(INDEX($E$12:$E$761,MATCH(J3,$F$12:$F$761,0)):INDEX($E$12:$E$761,MATCH(J3,$F$12:$F$761,0)+L3-1))-MIN(INDEX($E$12:$E$761,MATCH(J3,$F$12:$F$761,0)):INDEX($E$12:$E$761,MATCH(J3,$F$12:$F$761,0)+L3-1))) | O3: =IF(AND(J3<=$B$5,L3>0),M3,NA()) | P3: =IF(J3<=$B$5,IF(ISNUMBER($AO$34),$AO$34,NA()),NA()) | Q3: =IF(J3<=$B$5,IF(ISNUMBER($AO$35),$AO$35,NA()),NA()) | R3: =IF(J3<=$B$5,IF(ISNUMBER($AO$36),$AO$36,NA()),NA()) | S3: =IF(AND(J3<=$B$5,L3>0),IF(OR(M3>P3,M3<R3),M3,NA()),NA()) | T3: =IF(J3<=$B$5,K3,"") | U3: =IF(AND(J3<=$B$5,L3>0),N3,NA()) | V3: =IF(J3<=$B$5,IF(ISNUMBER($AO$37),$AO$37,NA()),NA()) | W3: =IF(J3<=$B$5,IF(ISNUMBER($AO$38),$AO$38,NA()),NA()) | X3: =IF(J3<=$B$5,IF(ISNUMBER($AO$39),$AO$39,NA()),NA()) | Y3: =IF(AND(J3<=$B$5,L3>0),IF(N3>V3,N3,NA()),NA()) | AA3: 막대 너비 | AB3: =IF($B$4=0,1,MAX((MAX($B$6,IF(ISNUMBER($AO$17),$AO$17,$B$6))-MIN($B$7,IF(ISNUMBER($AO$15),$AO$15,$B$7)))*1.06,1E-9)/80) | AM3: 저장일시 | AN3: =IF($B$2="","",IFERROR(INDEX(R_BODY,$B$2,MATCH($AM3,R_HDR,0))&"","")) | AO3: =IF(AN3="","",IFERROR(VALUE(AN3),AN3))
A4: 측정값 수 | B4: =IF($B$3=0,0,MIN(COUNTIF(D_ID,$B$1),750)) | J4: 3 | K4: =IFERROR(INDEX($C$12:$C$761,MATCH(J4,$F$12:$F$761,0)),"") | L4: =COUNTIF($F$12:$F$761,J4) | M4: =IF(L4=0,"",AVERAGEIF($F$12:$F$761,J4,$E$12:$E$761)) | N4: =IF(L4=0,"",MAX(INDEX($E$12:$E$761,MATCH(J4,$F$12:$F$761,0)):INDEX($E$12:$E$761,MATCH(J4,$F$12:$F$761,0)+L4-1))-MIN(INDEX($E$12:$E$761,MATCH(J4,$F$12:$F$761,0)):INDEX($E$12:$E$761,MATCH(J4,$F$12:$F$761,0)+L4-1))) | O4: =IF(AND(J4<=$B$5,L4>0),M4,NA()) | P4: =IF(J4<=$B$5,IF(ISNUMBER($AO$34),$AO$34,NA()),NA()) | Q4: =IF(J4<=$B$5,IF(ISNUMBER($AO$35),$AO$35,NA()),NA()) | R4: =IF(J4<=$B$5,IF(ISNUMBER($AO$36),$AO$36,NA()),NA()) | S4: =IF(AND(J4<=$B$5,L4>0),IF(OR(M4>P4,M4<R4),M4,NA()),NA()) | T4: =IF(J4<=$B$5,K4,"") | U4: =IF(AND(J4<=$B$5,L4>0),N4,NA()) | V4: =IF(J4<=$B$5,IF(ISNUMBER($AO$37),$AO$37,NA()),NA()) | W4: =IF(J4<=$B$5,IF(ISNUMBER($AO$38),$AO$38,NA()),NA()) | X4: =IF(J4<=$B$5,IF(ISNUMBER($AO$39),$AO$39,NA()),NA()) | Y4: =IF(AND(J4<=$B$5,L4>0),IF(N4>V4,N4,NA()),NA()) | AA4: 세로 최대 | AB4: =MAX(1,MAX($AE$7:$AE$86),IFERROR(MAX($AF$7:$AG$86),0))*1.05 | AM4: 작성자 | AN4: =IF($B$2="","",IFERROR(INDEX(R_BODY,$B$2,MATCH($AM4,R_HDR,0))&"","")) | AO4: =IF(AN4="","",IFERROR(VALUE(AN4),AN4))
A5: Lot 수 | B5: =IF($B$4=0,0,MIN(MAX($F$12:$F$761),30)) | J5: 4 | K5: =IFERROR(INDEX($C$12:$C$761,MATCH(J5,$F$12:$F$761,0)),"") | L5: =COUNTIF($F$12:$F$761,J5) | M5: =IF(L5=0,"",AVERAGEIF($F$12:$F$761,J5,$E$12:$E$761)) | N5: =IF(L5=0,"",MAX(INDEX($E$12:$E$761,MATCH(J5,$F$12:$F$761,0)):INDEX($E$12:$E$761,MATCH(J5,$F$12:$F$761,0)+L5-1))-MIN(INDEX($E$12:$E$761,MATCH(J5,$F$12:$F$761,0)):INDEX($E$12:$E$761,MATCH(J5,$F$12:$F$761,0)+L5-1))) | O5: =IF(AND(J5<=$B$5,L5>0),M5,NA()) | P5: =IF(J5<=$B$5,IF(ISNUMBER($AO$34),$AO$34,NA()),NA()) | Q5: =IF(J5<=$B$5,IF(ISNUMBER($AO$35),$AO$35,NA()),NA()) | R5: =IF(J5<=$B$5,IF(ISNUMBER($AO$36),$AO$36,NA()),NA()) | S5: =IF(AND(J5<=$B$5,L5>0),IF(OR(M5>P5,M5<R5),M5,NA()),NA()) | T5: =IF(J5<=$B$5,K5,"") | U5: =IF(AND(J5<=$B$5,L5>0),N5,NA()) | V5: =IF(J5<=$B$5,IF(ISNUMBER($AO$37),$AO$37,NA()),NA()) | W5: =IF(J5<=$B$5,IF(ISNUMBER($AO$38),$AO$38,NA()),NA()) | X5: =IF(J5<=$B$5,IF(ISNUMBER($AO$39),$AO$39,NA()),NA()) | Y5: =IF(AND(J5<=$B$5,L5>0),IF(N5>V5,N5,NA()),NA()) | AM5: 제목(조성) | AN5: =IF($B$2="","",IFERROR(INDEX(R_BODY,$B$2,MATCH($AM5,R_HDR,0))&"","")) | AO5: =IF(AN5="","",IFERROR(VALUE(AN5),AN5))
A6: 최대값 | B6: =IF($B$4=0,"",MAX($E$12:$E$761)) | J6: 5 | K6: =IFERROR(INDEX($C$12:$C$761,MATCH(J6,$F$12:$F$761,0)),"") | L6: =COUNTIF($F$12:$F$761,J6) | M6: =IF(L6=0,"",AVERAGEIF($F$12:$F$761,J6,$E$12:$E$761)) | N6: =IF(L6=0,"",MAX(INDEX($E$12:$E$761,MATCH(J6,$F$12:$F$761,0)):INDEX($E$12:$E$761,MATCH(J6,$F$12:$F$761,0)+L6-1))-MIN(INDEX($E$12:$E$761,MATCH(J6,$F$12:$F$761,0)):INDEX($E$12:$E$761,MATCH(J6,$F$12:$F$761,0)+L6-1))) | O6: =IF(AND(J6<=$B$5,L6>0),M6,NA()) | P6: =IF(J6<=$B$5,IF(ISNUMBER($AO$34),$AO$34,NA()),NA()) | Q6: =IF(J6<=$B$5,IF(ISNUMBER($AO$35),$AO$35,NA()),NA()) | R6: =IF(J6<=$B$5,IF(ISNUMBER($AO$36),$AO$36,NA()),NA()) | S6: =IF(AND(J6<=$B$5,L6>0),IF(OR(M6>P6,M6<R6),M6,NA()),NA()) | T6: =IF(J6<=$B$5,K6,"") | U6: =IF(AND(J6<=$B$5,L6>0),N6,NA()) | V6: =IF(J6<=$B$5,IF(ISNUMBER($AO$37),$AO$37,NA()),NA()) | W6: =IF(J6<=$B$5,IF(ISNUMBER($AO$38),$AO$38,NA()),NA()) | X6: =IF(J6<=$B$5,IF(ISNUMBER($AO$39),$AO$39,NA()),NA()) | Y6: =IF(AND(J6<=$B$5,L6>0),IF(N6>V6,N6,NA()),NA()) | AB6: 시작 | AC6: 중심 | AD6: 라벨 | AE6: 빈도 | AF6: 전체 | AG6: 군내 | AH6: LSL | AI6: Target | AJ6: USL | AM6: Job(Lot) | AN6: =IF($B$2="","",IFERROR(INDEX(R_BODY,$B$2,MATCH($AM6,R_HDR,0))&"","")) | AO6: =IF(AN6="","",IFERROR(VALUE(AN6),AN6))
A7: 최소값 | B7: =IF($B$4=0,"",MIN($E$12:$E$761)) | J7: 6 | K7: =IFERROR(INDEX($C$12:$C$761,MATCH(J7,$F$12:$F$761,0)),"") | L7: =COUNTIF($F$12:$F$761,J7) | M7: =IF(L7=0,"",AVERAGEIF($F$12:$F$761,J7,$E$12:$E$761)) | N7: =IF(L7=0,"",MAX(INDEX($E$12:$E$761,MATCH(J7,$F$12:$F$761,0)):INDEX($E$12:$E$761,MATCH(J7,$F$12:$F$761,0)+L7-1))-MIN(INDEX($E$12:$E$761,MATCH(J7,$F$12:$F$761,0)):INDEX($E$12:$E$761,MATCH(J7,$F$12:$F$761,0)+L7-1))) | O7: =IF(AND(J7<=$B$5,L7>0),M7,NA()) | P7: =IF(J7<=$B$5,IF(ISNUMBER($AO$34),$AO$34,NA()),NA()) | Q7: =IF(J7<=$B$5,IF(ISNUMBER($AO$35),$AO$35,NA()),NA()) | R7: =IF(J7<=$B$5,IF(ISNUMBER($AO$36),$AO$36,NA()),NA()) | S7: =IF(AND(J7<=$B$5,L7>0),IF(OR(M7>P7,M7<R7),M7,NA()),NA()) | T7: =IF(J7<=$B$5,K7,"") | U7: =IF(AND(J7<=$B$5,L7>0),N7,NA()) | V7: =IF(J7<=$B$5,IF(ISNUMBER($AO$37),$AO$37,NA()),NA()) | W7: =IF(J7<=$B$5,IF(ISNUMBER($AO$38),$AO$38,NA()),NA()) | X7: =IF(J7<=$B$5,IF(ISNUMBER($AO$39),$AO$39,NA()),NA()) | Y7: =IF(AND(J7<=$B$5,L7>0),IF(N7>V7,N7,NA()),NA()) | AB7: =$AB$2+(1-1)*$AB$3 | AC7: =AB7+$AB$3/2 | AD7: =TEXT(AC7,IF($AB$3<0.1,"0.00",IF($AB$3<1,"0.0","0"))) | AE7: =IF($B$4=0,0,COUNTIFS('계산'!$E$12:$E$761,">="&AB7,'계산'!$E$12:$E$761,"<"&AB7+$AB$3)) | AF7: =IF(AND(ISNUMBER($AO$20),ISNUMBER($AO$18)),$AO$18*$AB$3*NORMDIST(AC7,$AO$19,$AO$20,FALSE),NA()) | AG7: =IF(AND(ISNUMBER($AO$21),ISNUMBER($AO$18)),$AO$18*$AB$3*NORMDIST(AC7,$AO$19,$AO$21,FALSE),NA()) | AH7: =IF(ISNUMBER($AO$15),IF(AND($AO$15>=AB7,$AO$15<AB7+$AB$3),$AB$4,NA()),NA()) | AI7: =IF(ISNUMBER($AO$16),IF(AND($AO$16>=AB7,$AO$16<AB7+$AB$3),$AB$4,NA()),NA()) | AJ7: =IF(ISNUMBER($AO$17),IF(AND($AO$17>=AB7,$AO$17<AB7+$AB$3),$AB$4,NA()),NA()) | AM7: 고객명 | AN7: =IF($B$2="","",IFERROR(INDEX(R_BODY,$B$2,MATCH($AM7,R_HDR,0))&"","")) | AO7: =IF(AN7="","",IFERROR(VALUE(AN7),AN7))
J8: 7 | K8: =IFERROR(INDEX($C$12:$C$761,MATCH(J8,$F$12:$F$761,0)),"") | L8: =COUNTIF($F$12:$F$761,J8) | M8: =IF(L8=0,"",AVERAGEIF($F$12:$F$761,J8,$E$12:$E$761)) | N8: =IF(L8=0,"",MAX(INDEX($E$12:$E$761,MATCH(J8,$F$12:$F$761,0)):INDEX($E$12:$E$761,MATCH(J8,$F$12:$F$761,0)+L8-1))-MIN(INDEX($E$12:$E$761,MATCH(J8,$F$12:$F$761,0)):INDEX($E$12:$E$761,MATCH(J8,$F$12:$F$761,0)+L8-1))) | O8: =IF(AND(J8<=$B$5,L8>0),M8,NA()) | P8: =IF(J8<=$B$5,IF(ISNUMBER($AO$34),$AO$34,NA()),NA()) | Q8: =IF(J8<=$B$5,IF(ISNUMBER($AO$35),$AO$35,NA()),NA()) | R8: =IF(J8<=$B$5,IF(ISNUMBER($AO$36),$AO$36,NA()),NA()) | S8: =IF(AND(J8<=$B$5,L8>0),IF(OR(M8>P8,M8<R8),M8,NA()),NA()) | T8: =IF(J8<=$B$5,K8,"") | U8: =IF(AND(J8<=$B$5,L8>0),N8,NA()) | V8: =IF(J8<=$B$5,IF(ISNUMBER($AO$37),$AO$37,NA()),NA()) | W8: =IF(J8<=$B$5,IF(ISNUMBER($AO$38),$AO$38,NA()),NA()) | X8: =IF(J8<=$B$5,IF(ISNUMBER($AO$39),$AO$39,NA()),NA()) | Y8: =IF(AND(J8<=$B$5,L8>0),IF(N8>V8,N8,NA()),NA()) | AB8: =$AB$2+(2-1)*$AB$3 | AC8: =AB8+$AB$3/2 | AD8: =TEXT(AC8,IF($AB$3<0.1,"0.00",IF($AB$3<1,"0.0","0"))) | AE8: =IF($B$4=0,0,COUNTIFS('계산'!$E$12:$E$761,">="&AB8,'계산'!$E$12:$E$761,"<"&AB8+$AB$3)) | AF8: =IF(AND(ISNUMBER($AO$20),ISNUMBER($AO$18)),$AO$18*$AB$3*NORMDIST(AC8,$AO$19,$AO$20,FALSE),NA()) | AG8: =IF(AND(ISNUMBER($AO$21),ISNUMBER($AO$18)),$AO$18*$AB$3*NORMDIST(AC8,$AO$19,$AO$21,FALSE),NA()) | AH8: =IF(ISNUMBER($AO$15),IF(AND($AO$15>=AB8,$AO$15<AB8+$AB$3),$AB$4,NA()),NA()) | AI8: =IF(ISNUMBER($AO$16),IF(AND($AO$16>=AB8,$AO$16<AB8+$AB$3),$AB$4,NA()),NA()) | AJ8: =IF(ISNUMBER($AO$17),IF(AND($AO$17>=AB8,$AO$17<AB8+$AB$3),$AB$4,NA()),NA()) | AM8: 품명 | AN8: =IF($B$2="","",IFERROR(INDEX(R_BODY,$B$2,MATCH($AM8,R_HDR,0))&"","")) | AO8: =IF(AN8="","",IFERROR(VALUE(AN8),AN8))
J9: 8 | K9: =IFERROR(INDEX($C$12:$C$761,MATCH(J9,$F$12:$F$761,0)),"") | L9: =COUNTIF($F$12:$F$761,J9) | M9: =IF(L9=0,"",AVERAGEIF($F$12:$F$761,J9,$E$12:$E$761)) | N9: =IF(L9=0,"",MAX(INDEX($E$12:$E$761,MATCH(J9,$F$12:$F$761,0)):INDEX($E$12:$E$761,MATCH(J9,$F$12:$F$761,0)+L9-1))-MIN(INDEX($E$12:$E$761,MATCH(J9,$F$12:$F$761,0)):INDEX($E$12:$E$761,MATCH(J9,$F$12:$F$761,0)+L9-1))) | O9: =IF(AND(J9<=$B$5,L9>0),M9,NA()) | P9: =IF(J9<=$B$5,IF(ISNUMBER($AO$34),$AO$34,NA()),NA()) | Q9: =IF(J9<=$B$5,IF(ISNUMBER($AO$35),$AO$35,NA()),NA()) | R9: =IF(J9<=$B$5,IF(ISNUMBER($AO$36),$AO$36,NA()),NA()) | S9: =IF(AND(J9<=$B$5,L9>0),IF(OR(M9>P9,M9<R9),M9,NA()),NA()) | T9: =IF(J9<=$B$5,K9,"") | U9: =IF(AND(J9<=$B$5,L9>0),N9,NA()) | V9: =IF(J9<=$B$5,IF(ISNUMBER($AO$37),$AO$37,NA()),NA()) | W9: =IF(J9<=$B$5,IF(ISNUMBER($AO$38),$AO$38,NA()),NA()) | X9: =IF(J9<=$B$5,IF(ISNUMBER($AO$39),$AO$39,NA()),NA()) | Y9: =IF(AND(J9<=$B$5,L9>0),IF(N9>V9,N9,NA()),NA()) | AB9: =$AB$2+(3-1)*$AB$3 | AC9: =AB9+$AB$3/2 | AD9: =TEXT(AC9,IF($AB$3<0.1,"0.00",IF($AB$3<1,"0.0","0"))) | AE9: =IF($B$4=0,0,COUNTIFS('계산'!$E$12:$E$761,">="&AB9,'계산'!$E$12:$E$761,"<"&AB9+$AB$3)) | AF9: =IF(AND(ISNUMBER($AO$20),ISNUMBER($AO$18)),$AO$18*$AB$3*NORMDIST(AC9,$AO$19,$AO$20,FALSE),NA()) | AG9: =IF(AND(ISNUMBER($AO$21),ISNUMBER($AO$18)),$AO$18*$AB$3*NORMDIST(AC9,$AO$19,$AO$21,FALSE),NA()) | AH9: =IF(ISNUMBER($AO$15),IF(AND($AO$15>=AB9,$AO$15<AB9+$AB$3),$AB$4,NA()),NA()) | AI9: =IF(ISNUMBER($AO$16),IF(AND($AO$16>=AB9,$AO$16<AB9+$AB$3),$AB$4,NA()),NA()) | AJ9: =IF(ISNUMBER($AO$17),IF(AND($AO$17>=AB9,$AO$17<AB9+$AB$3),$AB$4,NA()),NA()) | AM9: 공정명 | AN9: =IF($B$2="","",IFERROR(INDEX(R_BODY,$B$2,MATCH($AM9,R_HDR,0))&"","")) | AO9: =IF(AN9="","",IFERROR(VALUE(AN9),AN9))
J10: 9 | K10: =IFERROR(INDEX($C$12:$C$761,MATCH(J10,$F$12:$F$761,0)),"") | L10: =COUNTIF($F$12:$F$761,J10) | M10: =IF(L10=0,"",AVERAGEIF($F$12:$F$761,J10,$E$12:$E$761)) | N10: =IF(L10=0,"",MAX(INDEX($E$12:$E$761,MATCH(J10,$F$12:$F$761,0)):INDEX($E$12:$E$761,MATCH(J10,$F$12:$F$761,0)+L10-1))-MIN(INDEX($E$12:$E$761,MATCH(J10,$F$12:$F$761,0)):INDEX($E$12:$E$761,MATCH(J10,$F$12:$F$761,0)+L10-1))) | O10: =IF(AND(J10<=$B$5,L10>0),M10,NA()) | P10: =IF(J10<=$B$5,IF(ISNUMBER($AO$34),$AO$34,NA()),NA()) | Q10: =IF(J10<=$B$5,IF(ISNUMBER($AO$35),$AO$35,NA()),NA()) | R10: =IF(J10<=$B$5,IF(ISNUMBER($AO$36),$AO$36,NA()),NA()) | S10: =IF(AND(J10<=$B$5,L10>0),IF(OR(M10>P10,M10<R10),M10,NA()),NA()) | T10: =IF(J10<=$B$5,K10,"") | U10: =IF(AND(J10<=$B$5,L10>0),N10,NA()) | V10: =IF(J10<=$B$5,IF(ISNUMBER($AO$37),$AO$37,NA()),NA()) | W10: =IF(J10<=$B$5,IF(ISNUMBER($AO$38),$AO$38,NA()),NA()) | X10: =IF(J10<=$B$5,IF(ISNUMBER($AO$39),$AO$39,NA()),NA()) | Y10: =IF(AND(J10<=$B$5,L10>0),IF(N10>V10,N10,NA()),NA()) | AB10: =$AB$2+(4-1)*$AB$3 | AC10: =AB10+$AB$3/2 | AD10: =TEXT(AC10,IF($AB$3<0.1,"0.00",IF($AB$3<1,"0.0","0"))) | AE10: =IF($B$4=0,0,COUNTIFS('계산'!$E$12:$E$761,">="&AB10,'계산'!$E$12:$E$761,"<"&AB10+$AB$3)) | AF10: =IF(AND(ISNUMBER($AO$20),ISNUMBER($AO$18)),$AO$18*$AB$3*NORMDIST(AC10,$AO$19,$AO$20,FALSE),NA()) | AG10: =IF(AND(ISNUMBER($AO$21),ISNUMBER($AO$18)),$AO$18*$AB$3*NORMDIST(AC10,$AO$19,$AO$21,FALSE),NA()) | AH10: =IF(ISNUMBER($AO$15),IF(AND($AO$15>=AB10,$AO$15<AB10+$AB$3),$AB$4,NA()),NA()) | AI10: =IF(ISNUMBER($AO$16),IF(AND($AO$16>=AB10,$AO$16<AB10+$AB$3),$AB$4,NA()),NA()) | AJ10: =IF(ISNUMBER($AO$17),IF(AND($AO$17>=AB10,$AO$17<AB10+$AB$3),$AB$4,NA()),NA()) | AM10: 항목 | AN10: =IF($B$2="","",IFERROR(INDEX(R_BODY,$B$2,MATCH($AM10,R_HDR,0))&"","")) | AO10: =IF(AN10="","",IFERROR(VALUE(AN10),AN10))
A11: i | B11: 행 | C11: Lot | D11: 순번 | E11: 값 | F11: Lot번호 | G11: 키 | J11: 10 | K11: =IFERROR(INDEX($C$12:$C$761,MATCH(J11,$F$12:$F$761,0)),"") | L11: =COUNTIF($F$12:$F$761,J11) | M11: =IF(L11=0,"",AVERAGEIF($F$12:$F$761,J11,$E$12:$E$761)) | N11: =IF(L11=0,"",MAX(INDEX($E$12:$E$761,MATCH(J11,$F$12:$F$761,0)):INDEX($E$12:$E$761,MATCH(J11,$F$12:$F$761,0)+L11-1))-MIN(INDEX($E$12:$E$761,MATCH(J11,$F$12:$F$761,0)):INDEX($E$12:$E$761,MATCH(J11,$F$12:$F$761,0)+L11-1))) | O11: =IF(AND(J11<=$B$5,L11>0),M11,NA()) | P11: =IF(J11<=$B$5,IF(ISNUMBER($AO$34),$AO$34,NA()),NA()) | Q11: =IF(J11<=$B$5,IF(ISNUMBER($AO$35),$AO$35,NA()),NA()) | R11: =IF(J11<=$B$5,IF(ISNUMBER($AO$36),$AO$36,NA()),NA()) | S11: =IF(AND(J11<=$B$5,L11>0),IF(OR(M11>P11,M11<R11),M11,NA()),NA()) | T11: =IF(J11<=$B$5,K11,"") | U11: =IF(AND(J11<=$B$5,L11>0),N11,NA()) | V11: =IF(J11<=$B$5,IF(ISNUMBER($AO$37),$AO$37,NA()),NA()) | W11: =IF(J11<=$B$5,IF(ISNUMBER($AO$38),$AO$38,NA()),NA()) | X11: =IF(J11<=$B$5,IF(ISNUMBER($AO$39),$AO$39,NA()),NA()) | Y11: =IF(AND(J11<=$B$5,L11>0),IF(N11>V11,N11,NA()),NA()) | AB11: =$AB$2+(5-1)*$AB$3 | AC11: =AB11+$AB$3/2 | AD11: =TEXT(AC11,IF($AB$3<0.1,"0.00",IF($AB$3<1,"0.0","0"))) | AE11: =IF($B$4=0,0,COUNTIFS('계산'!$E$12:$E$761,">="&AB11,'계산'!$E$12:$E$761,"<"&AB11+$AB$3)) | AF11: =IF(AND(ISNUMBER($AO$20),ISNUMBER($AO$18)),$AO$18*$AB$3*NORMDIST(AC11,$AO$19,$AO$20,FALSE),NA()) | AG11: =IF(AND(ISNUMBER($AO$21),ISNUMBER($AO$18)),$AO$18*$AB$3*NORMDIST(AC11,$AO$19,$AO$21,FALSE),NA()) | AH11: =IF(ISNUMBER($AO$15),IF(AND($AO$15>=AB11,$AO$15<AB11+$AB$3),$AB$4,NA()),NA()) | AI11: =IF(ISNUMBER($AO$16),IF(AND($AO$16>=AB11,$AO$16<AB11+$AB$3),$AB$4,NA()),NA()) | AJ11: =IF(ISNUMBER($AO$17),IF(AND($AO$17>=AB11,$AO$17<AB11+$AB$3),$AB$4,NA()),NA()) | AM11: 작업자 | AN11: =IF($B$2="","",IFERROR(INDEX(R_BODY,$B$2,MATCH($AM11,R_HDR,0))&"","")) | AO11: =IF(AN11="","",IFERROR(VALUE(AN11),AN11))
A12: 1 | B12: =IF(A12<=$B$4,$B$3+A12-1,"") | C12: =IF(B12="","",INDEX(D_LOT,B12)&"") | D12: =IF(B12="","",INDEX(D_SEQ,B12)) | E12: =IF(B12="","",IFERROR(VALUE(INDEX(D_VAL,B12)&""),"")) | F12: =IF(B12="","",0+1) | G12: =IF(B12="","",F12&"|"&D12) | J12: 11 | K12: =IFERROR(INDEX($C$12:$C$761,MATCH(J12,$F$12:$F$761,0)),"") | L12: =COUNTIF($F$12:$F$761,J12) | M12: =IF(L12=0,"",AVERAGEIF($F$12:$F$761,J12,$E$12:$E$761)) | N12: =IF(L12=0,"",MAX(INDEX($E$12:$E$761,MATCH(J12,$F$12:$F$761,0)):INDEX($E$12:$E$761,MATCH(J12,$F$12:$F$761,0)+L12-1))-MIN(INDEX($E$12:$E$761,MATCH(J12,$F$12:$F$761,0)):INDEX($E$12:$E$761,MATCH(J12,$F$12:$F$761,0)+L12-1))) | O12: =IF(AND(J12<=$B$5,L12>0),M12,NA()) | P12: =IF(J12<=$B$5,IF(ISNUMBER($AO$34),$AO$34,NA()),NA()) | Q12: =IF(J12<=$B$5,IF(ISNUMBER($AO$35),$AO$35,NA()),NA()) | R12: =IF(J12<=$B$5,IF(ISNUMBER($AO$36),$AO$36,NA()),NA()) | S12: =IF(AND(J12<=$B$5,L12>0),IF(OR(M12>P12,M12<R12),M12,NA()),NA()) | T12: =IF(J12<=$B$5,K12,"") | U12: =IF(AND(J12<=$B$5,L12>0),N12,NA()) | V12: =IF(J12<=$B$5,IF(ISNUMBER($AO$37),$AO$37,NA()),NA()) | W12: =IF(J12<=$B$5,IF(ISNUMBER($AO$38),$AO$38,NA()),NA()) | X12: =IF(J12<=$B$5,IF(ISNUMBER($AO$39),$AO$39,NA()),NA()) | Y12: =IF(AND(J12<=$B$5,L12>0),IF(N12>V12,N12,NA()),NA()) | AB12: =$AB$2+(6-1)*$AB$3 | AC12: =AB12+$AB$3/2 | AD12: =TEXT(AC12,IF($AB$3<0.1,"0.00",IF($AB$3<1,"0.0","0"))) | AE12: =IF($B$4=0,0,COUNTIFS('계산'!$E$12:$E$761,">="&AB12,'계산'!$E$12:$E$761,"<"&AB12+$AB$3)) | AF12: =IF(AND(ISNUMBER($AO$20),ISNUMBER($AO$18)),$AO$18*$AB$3*NORMDIST(AC12,$AO$19,$AO$20,FALSE),NA()) | AG12: =IF(AND(ISNUMBER($AO$21),ISNUMBER($AO$18)),$AO$18*$AB$3*NORMDIST(AC12,$AO$19,$AO$21,FALSE),NA()) | AH12: =IF(ISNUMBER($AO$15),IF(AND($AO$15>=AB12,$AO$15<AB12+$AB$3),$AB$4,NA()),NA()) | AI12: =IF(ISNUMBER($AO$16),IF(AND($AO$16>=AB12,$AO$16<AB12+$AB$3),$AB$4,NA()),NA()) | AJ12: =IF(ISNUMBER($AO$17),IF(AND($AO$17>=AB12,$AO$17<AB12+$AB$3),$AB$4,NA()),NA()) | AM12: 측정일자 | AN12: =IF($B$2="","",IFERROR(INDEX(R_BODY,$B$2,MATCH($AM12,R_HDR,0))&"","")) | AO12: =IF(AN12="","",IFERROR(VALUE(AN12),AN12))
A13: 2 | B13: =IF(A13<=$B$4,$B$3+A13-1,"") | C13: =IF(B13="","",INDEX(D_LOT,B13)&"") | D13: =IF(B13="","",INDEX(D_SEQ,B13)) | E13: =IF(B13="","",IFERROR(VALUE(INDEX(D_VAL,B13)&""),"")) | F13: =IF(B13="","",F12+(C13<>C12)) | G13: =IF(B13="","",F13&"|"&D13) | J13: 12 | K13: =IFERROR(INDEX($C$12:$C$761,MATCH(J13,$F$12:$F$761,0)),"") | L13: =COUNTIF($F$12:$F$761,J13) | M13: =IF(L13=0,"",AVERAGEIF($F$12:$F$761,J13,$E$12:$E$761)) | N13: =IF(L13=0,"",MAX(INDEX($E$12:$E$761,MATCH(J13,$F$12:$F$761,0)):INDEX($E$12:$E$761,MATCH(J13,$F$12:$F$761,0)+L13-1))-MIN(INDEX($E$12:$E$761,MATCH(J13,$F$12:$F$761,0)):INDEX($E$12:$E$761,MATCH(J13,$F$12:$F$761,0)+L13-1))) | O13: =IF(AND(J13<=$B$5,L13>0),M13,NA()) | P13: =IF(J13<=$B$5,IF(ISNUMBER($AO$34),$AO$34,NA()),NA()) | Q13: =IF(J13<=$B$5,IF(ISNUMBER($AO$35),$AO$35,NA()),NA()) | R13: =IF(J13<=$B$5,IF(ISNUMBER($AO$36),$AO$36,NA()),NA()) | S13: =IF(AND(J13<=$B$5,L13>0),IF(OR(M13>P13,M13<R13),M13,NA()),NA()) | T13: =IF(J13<=$B$5,K13,"") | U13: =IF(AND(J13<=$B$5,L13>0),N13,NA()) | V13: =IF(J13<=$B$5,IF(ISNUMBER($AO$37),$AO$37,NA()),NA()) | W13: =IF(J13<=$B$5,IF(ISNUMBER($AO$38),$AO$38,NA()),NA()) | X13: =IF(J13<=$B$5,IF(ISNUMBER($AO$39),$AO$39,NA()),NA()) | Y13: =IF(AND(J13<=$B$5,L13>0),IF(N13>V13,N13,NA()),NA()) | AB13: =$AB$2+(7-1)*$AB$3 | AC13: =AB13+$AB$3/2 | AD13: =TEXT(AC13,IF($AB$3<0.1,"0.00",IF($AB$3<1,"0.0","0"))) | AE13: =IF($B$4=0,0,COUNTIFS('계산'!$E$12:$E$761,">="&AB13,'계산'!$E$12:$E$761,"<"&AB13+$AB$3)) | AF13: =IF(AND(ISNUMBER($AO$20),ISNUMBER($AO$18)),$AO$18*$AB$3*NORMDIST(AC13,$AO$19,$AO$20,FALSE),NA()) | AG13: =IF(AND(ISNUMBER($AO$21),ISNUMBER($AO$18)),$AO$18*$AB$3*NORMDIST(AC13,$AO$19,$AO$21,FALSE),NA()) | AH13: =IF(ISNUMBER($AO$15),IF(AND($AO$15>=AB13,$AO$15<AB13+$AB$3),$AB$4,NA()),NA()) | AI13: =IF(ISNUMBER($AO$16),IF(AND($AO$16>=AB13,$AO$16<AB13+$AB$3),$AB$4,NA()),NA()) | AJ13: =IF(ISNUMBER($AO$17),IF(AND($AO$17>=AB13,$AO$17<AB13+$AB$3),$AB$4,NA()),NA()) | AM13: 데이터배열 | AN13: =IF($B$2="","",IFERROR(INDEX(R_BODY,$B$2,MATCH($AM13,R_HDR,0))&"","")) | AO13: =IF(AN13="","",IFERROR(VALUE(AN13),AN13))
A14: 3 | B14: =IF(A14<=$B$4,$B$3+A14-1,"") | C14: =IF(B14="","",INDEX(D_LOT,B14)&"") | D14: =IF(B14="","",INDEX(D_SEQ,B14)) | E14: =IF(B14="","",IFERROR(VALUE(INDEX(D_VAL,B14)&""),"")) | F14: =IF(B14="","",F13+(C14<>C13)) | G14: =IF(B14="","",F14&"|"&D14) | J14: 13 | K14: =IFERROR(INDEX($C$12:$C$761,MATCH(J14,$F$12:$F$761,0)),"") | L14: =COUNTIF($F$12:$F$761,J14) | M14: =IF(L14=0,"",AVERAGEIF($F$12:$F$761,J14,$E$12:$E$761)) | N14: =IF(L14=0,"",MAX(INDEX($E$12:$E$761,MATCH(J14,$F$12:$F$761,0)):INDEX($E$12:$E$761,MATCH(J14,$F$12:$F$761,0)+L14-1))-MIN(INDEX($E$12:$E$761,MATCH(J14,$F$12:$F$761,0)):INDEX($E$12:$E$761,MATCH(J14,$F$12:$F$761,0)+L14-1))) | O14: =IF(AND(J14<=$B$5,L14>0),M14,NA()) | P14: =IF(J14<=$B$5,IF(ISNUMBER($AO$34),$AO$34,NA()),NA()) | Q14: =IF(J14<=$B$5,IF(ISNUMBER($AO$35),$AO$35,NA()),NA()) | R14: =IF(J14<=$B$5,IF(ISNUMBER($AO$36),$AO$36,NA()),NA()) | S14: =IF(AND(J14<=$B$5,L14>0),IF(OR(M14>P14,M14<R14),M14,NA()),NA()) | T14: =IF(J14<=$B$5,K14,"") | U14: =IF(AND(J14<=$B$5,L14>0),N14,NA()) | V14: =IF(J14<=$B$5,IF(ISNUMBER($AO$37),$AO$37,NA()),NA()) | W14: =IF(J14<=$B$5,IF(ISNUMBER($AO$38),$AO$38,NA()),NA()) | X14: =IF(J14<=$B$5,IF(ISNUMBER($AO$39),$AO$39,NA()),NA()) | Y14: =IF(AND(J14<=$B$5,L14>0),IF(N14>V14,N14,NA()),NA()) | AB14: =$AB$2+(8-1)*$AB$3 | AC14: =AB14+$AB$3/2 | AD14: =TEXT(AC14,IF($AB$3<0.1,"0.00",IF($AB$3<1,"0.0","0"))) | AE14: =IF($B$4=0,0,COUNTIFS('계산'!$E$12:$E$761,">="&AB14,'계산'!$E$12:$E$761,"<"&AB14+$AB$3)) | AF14: =IF(AND(ISNUMBER($AO$20),ISNUMBER($AO$18)),$AO$18*$AB$3*NORMDIST(AC14,$AO$19,$AO$20,FALSE),NA()) | AG14: =IF(AND(ISNUMBER($AO$21),ISNUMBER($AO$18)),$AO$18*$AB$3*NORMDIST(AC14,$AO$19,$AO$21,FALSE),NA()) | AH14: =IF(ISNUMBER($AO$15),IF(AND($AO$15>=AB14,$AO$15<AB14+$AB$3),$AB$4,NA()),NA()) | AI14: =IF(ISNUMBER($AO$16),IF(AND($AO$16>=AB14,$AO$16<AB14+$AB$3),$AB$4,NA()),NA()) | AJ14: =IF(ISNUMBER($AO$17),IF(AND($AO$17>=AB14,$AO$17<AB14+$AB$3),$AB$4,NA()),NA()) | AM14: 부분군(개수x크기) | AN14: =IF($B$2="","",IFERROR(INDEX(R_BODY,$B$2,MATCH($AM14,R_HDR,0))&"","")) | AO14: =IF(AN14="","",IFERROR(VALUE(AN14),AN14))
A15: 4 | B15: =IF(A15<=$B$4,$B$3+A15-1,"") | C15: =IF(B15="","",INDEX(D_LOT,B15)&"") | D15: =IF(B15="","",INDEX(D_SEQ,B15)) | E15: =IF(B15="","",IFERROR(VALUE(INDEX(D_VAL,B15)&""),"")) | F15: =IF(B15="","",F14+(C15<>C14)) | G15: =IF(B15="","",F15&"|"&D15) | J15: 14 | K15: =IFERROR(INDEX($C$12:$C$761,MATCH(J15,$F$12:$F$761,0)),"") | L15: =COUNTIF($F$12:$F$761,J15) | M15: =IF(L15=0,"",AVERAGEIF($F$12:$F$761,J15,$E$12:$E$761)) | N15: =IF(L15=0,"",MAX(INDEX($E$12:$E$761,MATCH(J15,$F$12:$F$761,0)):INDEX($E$12:$E$761,MATCH(J15,$F$12:$F$761,0)+L15-1))-MIN(INDEX($E$12:$E$761,MATCH(J15,$F$12:$F$761,0)):INDEX($E$12:$E$761,MATCH(J15,$F$12:$F$761,0)+L15-1))) | O15: =IF(AND(J15<=$B$5,L15>0),M15,NA()) | P15: =IF(J15<=$B$5,IF(ISNUMBER($AO$34),$AO$34,NA()),NA()) | Q15: =IF(J15<=$B$5,IF(ISNUMBER($AO$35),$AO$35,NA()),NA()) | R15: =IF(J15<=$B$5,IF(ISNUMBER($AO$36),$AO$36,NA()),NA()) | S15: =IF(AND(J15<=$B$5,L15>0),IF(OR(M15>P15,M15<R15),M15,NA()),NA()) | T15: =IF(J15<=$B$5,K15,"") | U15: =IF(AND(J15<=$B$5,L15>0),N15,NA()) | V15: =IF(J15<=$B$5,IF(ISNUMBER($AO$37),$AO$37,NA()),NA()) | W15: =IF(J15<=$B$5,IF(ISNUMBER($AO$38),$AO$38,NA()),NA()) | X15: =IF(J15<=$B$5,IF(ISNUMBER($AO$39),$AO$39,NA()),NA()) | Y15: =IF(AND(J15<=$B$5,L15>0),IF(N15>V15,N15,NA()),NA()) | AB15: =$AB$2+(9-1)*$AB$3 | AC15: =AB15+$AB$3/2 | AD15: =TEXT(AC15,IF($AB$3<0.1,"0.00",IF($AB$3<1,"0.0","0"))) | AE15: =IF($B$4=0,0,COUNTIFS('계산'!$E$12:$E$761,">="&AB15,'계산'!$E$12:$E$761,"<"&AB15+$AB$3)) | AF15: =IF(AND(ISNUMBER($AO$20),ISNUMBER($AO$18)),$AO$18*$AB$3*NORMDIST(AC15,$AO$19,$AO$20,FALSE),NA()) | AG15: =IF(AND(ISNUMBER($AO$21),ISNUMBER($AO$18)),$AO$18*$AB$3*NORMDIST(AC15,$AO$19,$AO$21,FALSE),NA()) | AH15: =IF(ISNUMBER($AO$15),IF(AND($AO$15>=AB15,$AO$15<AB15+$AB$3),$AB$4,NA()),NA()) | AI15: =IF(ISNUMBER($AO$16),IF(AND($AO$16>=AB15,$AO$16<AB15+$AB$3),$AB$4,NA()),NA()) | AJ15: =IF(ISNUMBER($AO$17),IF(AND($AO$17>=AB15,$AO$17<AB15+$AB$3),$AB$4,NA()),NA()) | AM15: LSL | AN15: =IF($B$2="","",IFERROR(INDEX(R_BODY,$B$2,MATCH($AM15,R_HDR,0))&"","")) | AO15: =IF(AN15="","",IFERROR(VALUE(AN15),AN15))
A16: 5 | B16: =IF(A16<=$B$4,$B$3+A16-1,"") | C16: =IF(B16="","",INDEX(D_LOT,B16)&"") | D16: =IF(B16="","",INDEX(D_SEQ,B16)) | E16: =IF(B16="","",IFERROR(VALUE(INDEX(D_VAL,B16)&""),"")) | F16: =IF(B16="","",F15+(C16<>C15)) | G16: =IF(B16="","",F16&"|"&D16) | J16: 15 | K16: =IFERROR(INDEX($C$12:$C$761,MATCH(J16,$F$12:$F$761,0)),"") | L16: =COUNTIF($F$12:$F$761,J16) | M16: =IF(L16=0,"",AVERAGEIF($F$12:$F$761,J16,$E$12:$E$761)) | N16: =IF(L16=0,"",MAX(INDEX($E$12:$E$761,MATCH(J16,$F$12:$F$761,0)):INDEX($E$12:$E$761,MATCH(J16,$F$12:$F$761,0)+L16-1))-MIN(INDEX($E$12:$E$761,MATCH(J16,$F$12:$F$761,0)):INDEX($E$12:$E$761,MATCH(J16,$F$12:$F$761,0)+L16-1))) | O16: =IF(AND(J16<=$B$5,L16>0),M16,NA()) | P16: =IF(J16<=$B$5,IF(ISNUMBER($AO$34),$AO$34,NA()),NA()) | Q16: =IF(J16<=$B$5,IF(ISNUMBER($AO$35),$AO$35,NA()),NA()) | R16: =IF(J16<=$B$5,IF(ISNUMBER($AO$36),$AO$36,NA()),NA()) | S16: =IF(AND(J16<=$B$5,L16>0),IF(OR(M16>P16,M16<R16),M16,NA()),NA()) | T16: =IF(J16<=$B$5,K16,"") | U16: =IF(AND(J16<=$B$5,L16>0),N16,NA()) | V16: =IF(J16<=$B$5,IF(ISNUMBER($AO$37),$AO$37,NA()),NA()) | W16: =IF(J16<=$B$5,IF(ISNUMBER($AO$38),$AO$38,NA()),NA()) | X16: =IF(J16<=$B$5,IF(ISNUMBER($AO$39),$AO$39,NA()),NA()) | Y16: =IF(AND(J16<=$B$5,L16>0),IF(N16>V16,N16,NA()),NA()) | AB16: =$AB$2+(10-1)*$AB$3 | AC16: =AB16+$AB$3/2 | AD16: =TEXT(AC16,IF($AB$3<0.1,"0.00",IF($AB$3<1,"0.0","0"))) | AE16: =IF($B$4=0,0,COUNTIFS('계산'!$E$12:$E$761,">="&AB16,'계산'!$E$12:$E$761,"<"&AB16+$AB$3)) | AF16: =IF(AND(ISNUMBER($AO$20),ISNUMBER($AO$18)),$AO$18*$AB$3*NORMDIST(AC16,$AO$19,$AO$20,FALSE),NA()) | AG16: =IF(AND(ISNUMBER($AO$21),ISNUMBER($AO$18)),$AO$18*$AB$3*NORMDIST(AC16,$AO$19,$AO$21,FALSE),NA()) | AH16: =IF(ISNUMBER($AO$15),IF(AND($AO$15>=AB16,$AO$15<AB16+$AB$3),$AB$4,NA()),NA()) | AI16: =IF(ISNUMBER($AO$16),IF(AND($AO$16>=AB16,$AO$16<AB16+$AB$3),$AB$4,NA()),NA()) | AJ16: =IF(ISNUMBER($AO$17),IF(AND($AO$17>=AB16,$AO$17<AB16+$AB$3),$AB$4,NA()),NA()) | AM16: Target | AN16: =IF($B$2="","",IFERROR(INDEX(R_BODY,$B$2,MATCH($AM16,R_HDR,0))&"","")) | AO16: =IF(AN16="","",IFERROR(VALUE(AN16),AN16))
A17: 6 | B17: =IF(A17<=$B$4,$B$3+A17-1,"") | C17: =IF(B17="","",INDEX(D_LOT,B17)&"") | D17: =IF(B17="","",INDEX(D_SEQ,B17)) | E17: =IF(B17="","",IFERROR(VALUE(INDEX(D_VAL,B17)&""),"")) | F17: =IF(B17="","",F16+(C17<>C16)) | G17: =IF(B17="","",F17&"|"&D17) | J17: 16 | K17: =IFERROR(INDEX($C$12:$C$761,MATCH(J17,$F$12:$F$761,0)),"") | L17: =COUNTIF($F$12:$F$761,J17) | M17: =IF(L17=0,"",AVERAGEIF($F$12:$F$761,J17,$E$12:$E$761)) | N17: =IF(L17=0,"",MAX(INDEX($E$12:$E$761,MATCH(J17,$F$12:$F$761,0)):INDEX($E$12:$E$761,MATCH(J17,$F$12:$F$761,0)+L17-1))-MIN(INDEX($E$12:$E$761,MATCH(J17,$F$12:$F$761,0)):INDEX($E$12:$E$761,MATCH(J17,$F$12:$F$761,0)+L17-1))) | O17: =IF(AND(J17<=$B$5,L17>0),M17,NA()) | P17: =IF(J17<=$B$5,IF(ISNUMBER($AO$34),$AO$34,NA()),NA()) | Q17: =IF(J17<=$B$5,IF(ISNUMBER($AO$35),$AO$35,NA()),NA()) | R17: =IF(J17<=$B$5,IF(ISNUMBER($AO$36),$AO$36,NA()),NA()) | S17: =IF(AND(J17<=$B$5,L17>0),IF(OR(M17>P17,M17<R17),M17,NA()),NA()) | T17: =IF(J17<=$B$5,K17,"") | U17: =IF(AND(J17<=$B$5,L17>0),N17,NA()) | V17: =IF(J17<=$B$5,IF(ISNUMBER($AO$37),$AO$37,NA()),NA()) | W17: =IF(J17<=$B$5,IF(ISNUMBER($AO$38),$AO$38,NA()),NA()) | X17: =IF(J17<=$B$5,IF(ISNUMBER($AO$39),$AO$39,NA()),NA()) | Y17: =IF(AND(J17<=$B$5,L17>0),IF(N17>V17,N17,NA()),NA()) | AB17: =$AB$2+(11-1)*$AB$3 | AC17: =AB17+$AB$3/2 | AD17: =TEXT(AC17,IF($AB$3<0.1,"0.00",IF($AB$3<1,"0.0","0"))) | AE17: =IF($B$4=0,0,COUNTIFS('계산'!$E$12:$E$761,">="&AB17,'계산'!$E$12:$E$761,"<"&AB17+$AB$3)) | AF17: =IF(AND(ISNUMBER($AO$20),ISNUMBER($AO$18)),$AO$18*$AB$3*NORMDIST(AC17,$AO$19,$AO$20,FALSE),NA()) | AG17: =IF(AND(ISNUMBER($AO$21),ISNUMBER($AO$18)),$AO$18*$AB$3*NORMDIST(AC17,$AO$19,$AO$21,FALSE),NA()) | AH17: =IF(ISNUMBER($AO$15),IF(AND($AO$15>=AB17,$AO$15<AB17+$AB$3),$AB$4,NA()),NA()) | AI17: =IF(ISNUMBER($AO$16),IF(AND($AO$16>=AB17,$AO$16<AB17+$AB$3),$AB$4,NA()),NA()) | AJ17: =IF(ISNUMBER($AO$17),IF(AND($AO$17>=AB17,$AO$17<AB17+$AB$3),$AB$4,NA()),NA()) | AM17: USL | AN17: =IF($B$2="","",IFERROR(INDEX(R_BODY,$B$2,MATCH($AM17,R_HDR,0))&"","")) | AO17: =IF(AN17="","",IFERROR(VALUE(AN17),AN17))
A18: 7 | B18: =IF(A18<=$B$4,$B$3+A18-1,"") | C18: =IF(B18="","",INDEX(D_LOT,B18)&"") | D18: =IF(B18="","",INDEX(D_SEQ,B18)) | E18: =IF(B18="","",IFERROR(VALUE(INDEX(D_VAL,B18)&""),"")) | F18: =IF(B18="","",F17+(C18<>C17)) | G18: =IF(B18="","",F18&"|"&D18) | J18: 17 | K18: =IFERROR(INDEX($C$12:$C$761,MATCH(J18,$F$12:$F$761,0)),"") | L18: =COUNTIF($F$12:$F$761,J18) | M18: =IF(L18=0,"",AVERAGEIF($F$12:$F$761,J18,$E$12:$E$761)) | N18: =IF(L18=0,"",MAX(INDEX($E$12:$E$761,MATCH(J18,$F$12:$F$761,0)):INDEX($E$12:$E$761,MATCH(J18,$F$12:$F$761,0)+L18-1))-MIN(INDEX($E$12:$E$761,MATCH(J18,$F$12:$F$761,0)):INDEX($E$12:$E$761,MATCH(J18,$F$12:$F$761,0)+L18-1))) | O18: =IF(AND(J18<=$B$5,L18>0),M18,NA()) | P18: =IF(J18<=$B$5,IF(ISNUMBER($AO$34),$AO$34,NA()),NA()) | Q18: =IF(J18<=$B$5,IF(ISNUMBER($AO$35),$AO$35,NA()),NA()) | R18: =IF(J18<=$B$5,IF(ISNUMBER($AO$36),$AO$36,NA()),NA()) | S18: =IF(AND(J18<=$B$5,L18>0),IF(OR(M18>P18,M18<R18),M18,NA()),NA()) | T18: =IF(J18<=$B$5,K18,"") | U18: =IF(AND(J18<=$B$5,L18>0),N18,NA()) | V18: =IF(J18<=$B$5,IF(ISNUMBER($AO$37),$AO$37,NA()),NA()) | W18: =IF(J18<=$B$5,IF(ISNUMBER($AO$38),$AO$38,NA()),NA()) | X18: =IF(J18<=$B$5,IF(ISNUMBER($AO$39),$AO$39,NA()),NA()) | Y18: =IF(AND(J18<=$B$5,L18>0),IF(N18>V18,N18,NA()),NA()) | AB18: =$AB$2+(12-1)*$AB$3 | AC18: =AB18+$AB$3/2 | AD18: =TEXT(AC18,IF($AB$3<0.1,"0.00",IF($AB$3<1,"0.0","0"))) | AE18: =IF($B$4=0,0,COUNTIFS('계산'!$E$12:$E$761,">="&AB18,'계산'!$E$12:$E$761,"<"&AB18+$AB$3)) | AF18: =IF(AND(ISNUMBER($AO$20),ISNUMBER($AO$18)),$AO$18*$AB$3*NORMDIST(AC18,$AO$19,$AO$20,FALSE),NA()) | AG18: =IF(AND(ISNUMBER($AO$21),ISNUMBER($AO$18)),$AO$18*$AB$3*NORMDIST(AC18,$AO$19,$AO$21,FALSE),NA()) | AH18: =IF(ISNUMBER($AO$15),IF(AND($AO$15>=AB18,$AO$15<AB18+$AB$3),$AB$4,NA()),NA()) | AI18: =IF(ISNUMBER($AO$16),IF(AND($AO$16>=AB18,$AO$16<AB18+$AB$3),$AB$4,NA()),NA()) | AJ18: =IF(ISNUMBER($AO$17),IF(AND($AO$17>=AB18,$AO$17<AB18+$AB$3),$AB$4,NA()),NA()) | AM18: N | AN18: =IF($B$2="","",IFERROR(INDEX(R_BODY,$B$2,MATCH($AM18,R_HDR,0))&"","")) | AO18: =IF(AN18="","",IFERROR(VALUE(AN18),AN18))
A19: 8 | B19: =IF(A19<=$B$4,$B$3+A19-1,"") | C19: =IF(B19="","",INDEX(D_LOT,B19)&"") | D19: =IF(B19="","",INDEX(D_SEQ,B19)) | E19: =IF(B19="","",IFERROR(VALUE(INDEX(D_VAL,B19)&""),"")) | F19: =IF(B19="","",F18+(C19<>C18)) | G19: =IF(B19="","",F19&"|"&D19) | J19: 18 | K19: =IFERROR(INDEX($C$12:$C$761,MATCH(J19,$F$12:$F$761,0)),"") | L19: =COUNTIF($F$12:$F$761,J19) | M19: =IF(L19=0,"",AVERAGEIF($F$12:$F$761,J19,$E$12:$E$761)) | N19: =IF(L19=0,"",MAX(INDEX($E$12:$E$761,MATCH(J19,$F$12:$F$761,0)):INDEX($E$12:$E$761,MATCH(J19,$F$12:$F$761,0)+L19-1))-MIN(INDEX($E$12:$E$761,MATCH(J19,$F$12:$F$761,0)):INDEX($E$12:$E$761,MATCH(J19,$F$12:$F$761,0)+L19-1))) | O19: =IF(AND(J19<=$B$5,L19>0),M19,NA()) | P19: =IF(J19<=$B$5,IF(ISNUMBER($AO$34),$AO$34,NA()),NA()) | Q19: =IF(J19<=$B$5,IF(ISNUMBER($AO$35),$AO$35,NA()),NA()) | R19: =IF(J19<=$B$5,IF(ISNUMBER($AO$36),$AO$36,NA()),NA()) | S19: =IF(AND(J19<=$B$5,L19>0),IF(OR(M19>P19,M19<R19),M19,NA()),NA()) | T19: =IF(J19<=$B$5,K19,"") | U19: =IF(AND(J19<=$B$5,L19>0),N19,NA()) | V19: =IF(J19<=$B$5,IF(ISNUMBER($AO$37),$AO$37,NA()),NA()) | W19: =IF(J19<=$B$5,IF(ISNUMBER($AO$38),$AO$38,NA()),NA()) | X19: =IF(J19<=$B$5,IF(ISNUMBER($AO$39),$AO$39,NA()),NA()) | Y19: =IF(AND(J19<=$B$5,L19>0),IF(N19>V19,N19,NA()),NA()) | AB19: =$AB$2+(13-1)*$AB$3 | AC19: =AB19+$AB$3/2 | AD19: =TEXT(AC19,IF($AB$3<0.1,"0.00",IF($AB$3<1,"0.0","0"))) | AE19: =IF($B$4=0,0,COUNTIFS('계산'!$E$12:$E$761,">="&AB19,'계산'!$E$12:$E$761,"<"&AB19+$AB$3)) | AF19: =IF(AND(ISNUMBER($AO$20),ISNUMBER($AO$18)),$AO$18*$AB$3*NORMDIST(AC19,$AO$19,$AO$20,FALSE),NA()) | AG19: =IF(AND(ISNUMBER($AO$21),ISNUMBER($AO$18)),$AO$18*$AB$3*NORMDIST(AC19,$AO$19,$AO$21,FALSE),NA()) | AH19: =IF(ISNUMBER($AO$15),IF(AND($AO$15>=AB19,$AO$15<AB19+$AB$3),$AB$4,NA()),NA()) | AI19: =IF(ISNUMBER($AO$16),IF(AND($AO$16>=AB19,$AO$16<AB19+$AB$3),$AB$4,NA()),NA()) | AJ19: =IF(ISNUMBER($AO$17),IF(AND($AO$17>=AB19,$AO$17<AB19+$AB$3),$AB$4,NA()),NA()) | AM19: 평균 | AN19: =IF($B$2="","",IFERROR(INDEX(R_BODY,$B$2,MATCH($AM19,R_HDR,0))&"","")) | AO19: =IF(AN19="","",IFERROR(VALUE(AN19),AN19))
A20: 9 | B20: =IF(A20<=$B$4,$B$3+A20-1,"") | C20: =IF(B20="","",INDEX(D_LOT,B20)&"") | D20: =IF(B20="","",INDEX(D_SEQ,B20)) | E20: =IF(B20="","",IFERROR(VALUE(INDEX(D_VAL,B20)&""),"")) | F20: =IF(B20="","",F19+(C20<>C19)) | G20: =IF(B20="","",F20&"|"&D20) | J20: 19 | K20: =IFERROR(INDEX($C$12:$C$761,MATCH(J20,$F$12:$F$761,0)),"") | L20: =COUNTIF($F$12:$F$761,J20) | M20: =IF(L20=0,"",AVERAGEIF($F$12:$F$761,J20,$E$12:$E$761)) | N20: =IF(L20=0,"",MAX(INDEX($E$12:$E$761,MATCH(J20,$F$12:$F$761,0)):INDEX($E$12:$E$761,MATCH(J20,$F$12:$F$761,0)+L20-1))-MIN(INDEX($E$12:$E$761,MATCH(J20,$F$12:$F$761,0)):INDEX($E$12:$E$761,MATCH(J20,$F$12:$F$761,0)+L20-1))) | O20: =IF(AND(J20<=$B$5,L20>0),M20,NA()) | P20: =IF(J20<=$B$5,IF(ISNUMBER($AO$34),$AO$34,NA()),NA()) | Q20: =IF(J20<=$B$5,IF(ISNUMBER($AO$35),$AO$35,NA()),NA()) | R20: =IF(J20<=$B$5,IF(ISNUMBER($AO$36),$AO$36,NA()),NA()) | S20: =IF(AND(J20<=$B$5,L20>0),IF(OR(M20>P20,M20<R20),M20,NA()),NA()) | T20: =IF(J20<=$B$5,K20,"") | U20: =IF(AND(J20<=$B$5,L20>0),N20,NA()) | V20: =IF(J20<=$B$5,IF(ISNUMBER($AO$37),$AO$37,NA()),NA()) | W20: =IF(J20<=$B$5,IF(ISNUMBER($AO$38),$AO$38,NA()),NA()) | X20: =IF(J20<=$B$5,IF(ISNUMBER($AO$39),$AO$39,NA()),NA()) | Y20: =IF(AND(J20<=$B$5,L20>0),IF(N20>V20,N20,NA()),NA()) | AB20: =$AB$2+(14-1)*$AB$3 | AC20: =AB20+$AB$3/2 | AD20: =TEXT(AC20,IF($AB$3<0.1,"0.00",IF($AB$3<1,"0.0","0"))) | AE20: =IF($B$4=0,0,COUNTIFS('계산'!$E$12:$E$761,">="&AB20,'계산'!$E$12:$E$761,"<"&AB20+$AB$3)) | AF20: =IF(AND(ISNUMBER($AO$20),ISNUMBER($AO$18)),$AO$18*$AB$3*NORMDIST(AC20,$AO$19,$AO$20,FALSE),NA()) | AG20: =IF(AND(ISNUMBER($AO$21),ISNUMBER($AO$18)),$AO$18*$AB$3*NORMDIST(AC20,$AO$19,$AO$21,FALSE),NA()) | AH20: =IF(ISNUMBER($AO$15),IF(AND($AO$15>=AB20,$AO$15<AB20+$AB$3),$AB$4,NA()),NA()) | AI20: =IF(ISNUMBER($AO$16),IF(AND($AO$16>=AB20,$AO$16<AB20+$AB$3),$AB$4,NA()),NA()) | AJ20: =IF(ISNUMBER($AO$17),IF(AND($AO$17>=AB20,$AO$17<AB20+$AB$3),$AB$4,NA()),NA()) | AM20: StDev(전체) | AN20: =IF($B$2="","",IFERROR(INDEX(R_BODY,$B$2,MATCH($AM20,R_HDR,0))&"","")) | AO20: =IF(AN20="","",IFERROR(VALUE(AN20),AN20))
A21: 10 | B21: =IF(A21<=$B$4,$B$3+A21-1,"") | C21: =IF(B21="","",INDEX(D_LOT,B21)&"") | D21: =IF(B21="","",INDEX(D_SEQ,B21)) | E21: =IF(B21="","",IFERROR(VALUE(INDEX(D_VAL,B21)&""),"")) | F21: =IF(B21="","",F20+(C21<>C20)) | G21: =IF(B21="","",F21&"|"&D21) | J21: 20 | K21: =IFERROR(INDEX($C$12:$C$761,MATCH(J21,$F$12:$F$761,0)),"") | L21: =COUNTIF($F$12:$F$761,J21) | M21: =IF(L21=0,"",AVERAGEIF($F$12:$F$761,J21,$E$12:$E$761)) | N21: =IF(L21=0,"",MAX(INDEX($E$12:$E$761,MATCH(J21,$F$12:$F$761,0)):INDEX($E$12:$E$761,MATCH(J21,$F$12:$F$761,0)+L21-1))-MIN(INDEX($E$12:$E$761,MATCH(J21,$F$12:$F$761,0)):INDEX($E$12:$E$761,MATCH(J21,$F$12:$F$761,0)+L21-1))) | O21: =IF(AND(J21<=$B$5,L21>0),M21,NA()) | P21: =IF(J21<=$B$5,IF(ISNUMBER($AO$34),$AO$34,NA()),NA()) | Q21: =IF(J21<=$B$5,IF(ISNUMBER($AO$35),$AO$35,NA()),NA()) | R21: =IF(J21<=$B$5,IF(ISNUMBER($AO$36),$AO$36,NA()),NA()) | S21: =IF(AND(J21<=$B$5,L21>0),IF(OR(M21>P21,M21<R21),M21,NA()),NA()) | T21: =IF(J21<=$B$5,K21,"") | U21: =IF(AND(J21<=$B$5,L21>0),N21,NA()) | V21: =IF(J21<=$B$5,IF(ISNUMBER($AO$37),$AO$37,NA()),NA()) | W21: =IF(J21<=$B$5,IF(ISNUMBER($AO$38),$AO$38,NA()),NA()) | X21: =IF(J21<=$B$5,IF(ISNUMBER($AO$39),$AO$39,NA()),NA()) | Y21: =IF(AND(J21<=$B$5,L21>0),IF(N21>V21,N21,NA()),NA()) | AB21: =$AB$2+(15-1)*$AB$3 | AC21: =AB21+$AB$3/2 | AD21: =TEXT(AC21,IF($AB$3<0.1,"0.00",IF($AB$3<1,"0.0","0"))) | AE21: =IF($B$4=0,0,COUNTIFS('계산'!$E$12:$E$761,">="&AB21,'계산'!$E$12:$E$761,"<"&AB21+$AB$3)) | AF21: =IF(AND(ISNUMBER($AO$20),ISNUMBER($AO$18)),$AO$18*$AB$3*NORMDIST(AC21,$AO$19,$AO$20,FALSE),NA()) | AG21: =IF(AND(ISNUMBER($AO$21),ISNUMBER($AO$18)),$AO$18*$AB$3*NORMDIST(AC21,$AO$19,$AO$21,FALSE),NA()) | AH21: =IF(ISNUMBER($AO$15),IF(AND($AO$15>=AB21,$AO$15<AB21+$AB$3),$AB$4,NA()),NA()) | AI21: =IF(ISNUMBER($AO$16),IF(AND($AO$16>=AB21,$AO$16<AB21+$AB$3),$AB$4,NA()),NA()) | AJ21: =IF(ISNUMBER($AO$17),IF(AND($AO$17>=AB21,$AO$17<AB21+$AB$3),$AB$4,NA()),NA()) | AM21: StDev(군내) | AN21: =IF($B$2="","",IFERROR(INDEX(R_BODY,$B$2,MATCH($AM21,R_HDR,0))&"","")) | AO21: =IF(AN21="","",IFERROR(VALUE(AN21),AN21))
A22: 11 | B22: =IF(A22<=$B$4,$B$3+A22-1,"") | C22: =IF(B22="","",INDEX(D_LOT,B22)&"") | D22: =IF(B22="","",INDEX(D_SEQ,B22)) | E22: =IF(B22="","",IFERROR(VALUE(INDEX(D_VAL,B22)&""),"")) | F22: =IF(B22="","",F21+(C22<>C21)) | G22: =IF(B22="","",F22&"|"&D22) | J22: 21 | K22: =IFERROR(INDEX($C$12:$C$761,MATCH(J22,$F$12:$F$761,0)),"") | L22: =COUNTIF($F$12:$F$761,J22) | M22: =IF(L22=0,"",AVERAGEIF($F$12:$F$761,J22,$E$12:$E$761)) | N22: =IF(L22=0,"",MAX(INDEX($E$12:$E$761,MATCH(J22,$F$12:$F$761,0)):INDEX($E$12:$E$761,MATCH(J22,$F$12:$F$761,0)+L22-1))-MIN(INDEX($E$12:$E$761,MATCH(J22,$F$12:$F$761,0)):INDEX($E$12:$E$761,MATCH(J22,$F$12:$F$761,0)+L22-1))) | O22: =IF(AND(J22<=$B$5,L22>0),M22,NA()) | P22: =IF(J22<=$B$5,IF(ISNUMBER($AO$34),$AO$34,NA()),NA()) | Q22: =IF(J22<=$B$5,IF(ISNUMBER($AO$35),$AO$35,NA()),NA()) | R22: =IF(J22<=$B$5,IF(ISNUMBER($AO$36),$AO$36,NA()),NA()) | S22: =IF(AND(J22<=$B$5,L22>0),IF(OR(M22>P22,M22<R22),M22,NA()),NA()) | T22: =IF(J22<=$B$5,K22,"") | U22: =IF(AND(J22<=$B$5,L22>0),N22,NA()) | V22: =IF(J22<=$B$5,IF(ISNUMBER($AO$37),$AO$37,NA()),NA()) | W22: =IF(J22<=$B$5,IF(ISNUMBER($AO$38),$AO$38,NA()),NA()) | X22: =IF(J22<=$B$5,IF(ISNUMBER($AO$39),$AO$39,NA()),NA()) | Y22: =IF(AND(J22<=$B$5,L22>0),IF(N22>V22,N22,NA()),NA()) | AB22: =$AB$2+(16-1)*$AB$3 | AC22: =AB22+$AB$3/2 | AD22: =TEXT(AC22,IF($AB$3<0.1,"0.00",IF($AB$3<1,"0.0","0"))) | AE22: =IF($B$4=0,0,COUNTIFS('계산'!$E$12:$E$761,">="&AB22,'계산'!$E$12:$E$761,"<"&AB22+$AB$3)) | AF22: =IF(AND(ISNUMBER($AO$20),ISNUMBER($AO$18)),$AO$18*$AB$3*NORMDIST(AC22,$AO$19,$AO$20,FALSE),NA()) | AG22: =IF(AND(ISNUMBER($AO$21),ISNUMBER($AO$18)),$AO$18*$AB$3*NORMDIST(AC22,$AO$19,$AO$21,FALSE),NA()) | AH22: =IF(ISNUMBER($AO$15),IF(AND($AO$15>=AB22,$AO$15<AB22+$AB$3),$AB$4,NA()),NA()) | AI22: =IF(ISNUMBER($AO$16),IF(AND($AO$16>=AB22,$AO$16<AB22+$AB$3),$AB$4,NA()),NA()) | AJ22: =IF(ISNUMBER($AO$17),IF(AND($AO$17>=AB22,$AO$17<AB22+$AB$3),$AB$4,NA()),NA()) | AM22: Cp | AN22: =IF($B$2="","",IFERROR(INDEX(R_BODY,$B$2,MATCH($AM22,R_HDR,0))&"","")) | AO22: =IF(AN22="","",IFERROR(VALUE(AN22),AN22))
A23: 12 | B23: =IF(A23<=$B$4,$B$3+A23-1,"") | C23: =IF(B23="","",INDEX(D_LOT,B23)&"") | D23: =IF(B23="","",INDEX(D_SEQ,B23)) | E23: =IF(B23="","",IFERROR(VALUE(INDEX(D_VAL,B23)&""),"")) | F23: =IF(B23="","",F22+(C23<>C22)) | G23: =IF(B23="","",F23&"|"&D23) | J23: 22 | K23: =IFERROR(INDEX($C$12:$C$761,MATCH(J23,$F$12:$F$761,0)),"") | L23: =COUNTIF($F$12:$F$761,J23) | M23: =IF(L23=0,"",AVERAGEIF($F$12:$F$761,J23,$E$12:$E$761)) | N23: =IF(L23=0,"",MAX(INDEX($E$12:$E$761,MATCH(J23,$F$12:$F$761,0)):INDEX($E$12:$E$761,MATCH(J23,$F$12:$F$761,0)+L23-1))-MIN(INDEX($E$12:$E$761,MATCH(J23,$F$12:$F$761,0)):INDEX($E$12:$E$761,MATCH(J23,$F$12:$F$761,0)+L23-1))) | O23: =IF(AND(J23<=$B$5,L23>0),M23,NA()) | P23: =IF(J23<=$B$5,IF(ISNUMBER($AO$34),$AO$34,NA()),NA()) | Q23: =IF(J23<=$B$5,IF(ISNUMBER($AO$35),$AO$35,NA()),NA()) | R23: =IF(J23<=$B$5,IF(ISNUMBER($AO$36),$AO$36,NA()),NA()) | S23: =IF(AND(J23<=$B$5,L23>0),IF(OR(M23>P23,M23<R23),M23,NA()),NA()) | T23: =IF(J23<=$B$5,K23,"") | U23: =IF(AND(J23<=$B$5,L23>0),N23,NA()) | V23: =IF(J23<=$B$5,IF(ISNUMBER($AO$37),$AO$37,NA()),NA()) | W23: =IF(J23<=$B$5,IF(ISNUMBER($AO$38),$AO$38,NA()),NA()) | X23: =IF(J23<=$B$5,IF(ISNUMBER($AO$39),$AO$39,NA()),NA()) | Y23: =IF(AND(J23<=$B$5,L23>0),IF(N23>V23,N23,NA()),NA()) | AB23: =$AB$2+(17-1)*$AB$3 | AC23: =AB23+$AB$3/2 | AD23: =TEXT(AC23,IF($AB$3<0.1,"0.00",IF($AB$3<1,"0.0","0"))) | AE23: =IF($B$4=0,0,COUNTIFS('계산'!$E$12:$E$761,">="&AB23,'계산'!$E$12:$E$761,"<"&AB23+$AB$3)) | AF23: =IF(AND(ISNUMBER($AO$20),ISNUMBER($AO$18)),$AO$18*$AB$3*NORMDIST(AC23,$AO$19,$AO$20,FALSE),NA()) | AG23: =IF(AND(ISNUMBER($AO$21),ISNUMBER($AO$18)),$AO$18*$AB$3*NORMDIST(AC23,$AO$19,$AO$21,FALSE),NA()) | AH23: =IF(ISNUMBER($AO$15),IF(AND($AO$15>=AB23,$AO$15<AB23+$AB$3),$AB$4,NA()),NA()) | AI23: =IF(ISNUMBER($AO$16),IF(AND($AO$16>=AB23,$AO$16<AB23+$AB$3),$AB$4,NA()),NA()) | AJ23: =IF(ISNUMBER($AO$17),IF(AND($AO$17>=AB23,$AO$17<AB23+$AB$3),$AB$4,NA()),NA()) | AM23: CPL | AN23: =IF($B$2="","",IFERROR(INDEX(R_BODY,$B$2,MATCH($AM23,R_HDR,0))&"","")) | AO23: =IF(AN23="","",IFERROR(VALUE(AN23),AN23))
A24: 13 | B24: =IF(A24<=$B$4,$B$3+A24-1,"") | C24: =IF(B24="","",INDEX(D_LOT,B24)&"") | D24: =IF(B24="","",INDEX(D_SEQ,B24)) | E24: =IF(B24="","",IFERROR(VALUE(INDEX(D_VAL,B24)&""),"")) | F24: =IF(B24="","",F23+(C24<>C23)) | G24: =IF(B24="","",F24&"|"&D24) | J24: 23 | K24: =IFERROR(INDEX($C$12:$C$761,MATCH(J24,$F$12:$F$761,0)),"") | L24: =COUNTIF($F$12:$F$761,J24) | M24: =IF(L24=0,"",AVERAGEIF($F$12:$F$761,J24,$E$12:$E$761)) | N24: =IF(L24=0,"",MAX(INDEX($E$12:$E$761,MATCH(J24,$F$12:$F$761,0)):INDEX($E$12:$E$761,MATCH(J24,$F$12:$F$761,0)+L24-1))-MIN(INDEX($E$12:$E$761,MATCH(J24,$F$12:$F$761,0)):INDEX($E$12:$E$761,MATCH(J24,$F$12:$F$761,0)+L24-1))) | O24: =IF(AND(J24<=$B$5,L24>0),M24,NA()) | P24: =IF(J24<=$B$5,IF(ISNUMBER($AO$34),$AO$34,NA()),NA()) | Q24: =IF(J24<=$B$5,IF(ISNUMBER($AO$35),$AO$35,NA()),NA()) | R24: =IF(J24<=$B$5,IF(ISNUMBER($AO$36),$AO$36,NA()),NA()) | S24: =IF(AND(J24<=$B$5,L24>0),IF(OR(M24>P24,M24<R24),M24,NA()),NA()) | T24: =IF(J24<=$B$5,K24,"") | U24: =IF(AND(J24<=$B$5,L24>0),N24,NA()) | V24: =IF(J24<=$B$5,IF(ISNUMBER($AO$37),$AO$37,NA()),NA()) | W24: =IF(J24<=$B$5,IF(ISNUMBER($AO$38),$AO$38,NA()),NA()) | X24: =IF(J24<=$B$5,IF(ISNUMBER($AO$39),$AO$39,NA()),NA()) | Y24: =IF(AND(J24<=$B$5,L24>0),IF(N24>V24,N24,NA()),NA()) | AB24: =$AB$2+(18-1)*$AB$3 | AC24: =AB24+$AB$3/2 | AD24: =TEXT(AC24,IF($AB$3<0.1,"0.00",IF($AB$3<1,"0.0","0"))) | AE24: =IF($B$4=0,0,COUNTIFS('계산'!$E$12:$E$761,">="&AB24,'계산'!$E$12:$E$761,"<"&AB24+$AB$3)) | AF24: =IF(AND(ISNUMBER($AO$20),ISNUMBER($AO$18)),$AO$18*$AB$3*NORMDIST(AC24,$AO$19,$AO$20,FALSE),NA()) | AG24: =IF(AND(ISNUMBER($AO$21),ISNUMBER($AO$18)),$AO$18*$AB$3*NORMDIST(AC24,$AO$19,$AO$21,FALSE),NA()) | AH24: =IF(ISNUMBER($AO$15),IF(AND($AO$15>=AB24,$AO$15<AB24+$AB$3),$AB$4,NA()),NA()) | AI24: =IF(ISNUMBER($AO$16),IF(AND($AO$16>=AB24,$AO$16<AB24+$AB$3),$AB$4,NA()),NA()) | AJ24: =IF(ISNUMBER($AO$17),IF(AND($AO$17>=AB24,$AO$17<AB24+$AB$3),$AB$4,NA()),NA()) | AM24: CPU | AN24: =IF($B$2="","",IFERROR(INDEX(R_BODY,$B$2,MATCH($AM24,R_HDR,0))&"","")) | AO24: =IF(AN24="","",IFERROR(VALUE(AN24),AN24))
A25: 14 | B25: =IF(A25<=$B$4,$B$3+A25-1,"") | C25: =IF(B25="","",INDEX(D_LOT,B25)&"") | D25: =IF(B25="","",INDEX(D_SEQ,B25)) | E25: =IF(B25="","",IFERROR(VALUE(INDEX(D_VAL,B25)&""),"")) | F25: =IF(B25="","",F24+(C25<>C24)) | G25: =IF(B25="","",F25&"|"&D25) | J25: 24 | K25: =IFERROR(INDEX($C$12:$C$761,MATCH(J25,$F$12:$F$761,0)),"") | L25: =COUNTIF($F$12:$F$761,J25) | M25: =IF(L25=0,"",AVERAGEIF($F$12:$F$761,J25,$E$12:$E$761)) | N25: =IF(L25=0,"",MAX(INDEX($E$12:$E$761,MATCH(J25,$F$12:$F$761,0)):INDEX($E$12:$E$761,MATCH(J25,$F$12:$F$761,0)+L25-1))-MIN(INDEX($E$12:$E$761,MATCH(J25,$F$12:$F$761,0)):INDEX($E$12:$E$761,MATCH(J25,$F$12:$F$761,0)+L25-1))) | O25: =IF(AND(J25<=$B$5,L25>0),M25,NA()) | P25: =IF(J25<=$B$5,IF(ISNUMBER($AO$34),$AO$34,NA()),NA()) | Q25: =IF(J25<=$B$5,IF(ISNUMBER($AO$35),$AO$35,NA()),NA()) | R25: =IF(J25<=$B$5,IF(ISNUMBER($AO$36),$AO$36,NA()),NA()) | S25: =IF(AND(J25<=$B$5,L25>0),IF(OR(M25>P25,M25<R25),M25,NA()),NA()) | T25: =IF(J25<=$B$5,K25,"") | U25: =IF(AND(J25<=$B$5,L25>0),N25,NA()) | V25: =IF(J25<=$B$5,IF(ISNUMBER($AO$37),$AO$37,NA()),NA()) | W25: =IF(J25<=$B$5,IF(ISNUMBER($AO$38),$AO$38,NA()),NA()) | X25: =IF(J25<=$B$5,IF(ISNUMBER($AO$39),$AO$39,NA()),NA()) | Y25: =IF(AND(J25<=$B$5,L25>0),IF(N25>V25,N25,NA()),NA()) | AB25: =$AB$2+(19-1)*$AB$3 | AC25: =AB25+$AB$3/2 | AD25: =TEXT(AC25,IF($AB$3<0.1,"0.00",IF($AB$3<1,"0.0","0"))) | AE25: =IF($B$4=0,0,COUNTIFS('계산'!$E$12:$E$761,">="&AB25,'계산'!$E$12:$E$761,"<"&AB25+$AB$3)) | AF25: =IF(AND(ISNUMBER($AO$20),ISNUMBER($AO$18)),$AO$18*$AB$3*NORMDIST(AC25,$AO$19,$AO$20,FALSE),NA()) | AG25: =IF(AND(ISNUMBER($AO$21),ISNUMBER($AO$18)),$AO$18*$AB$3*NORMDIST(AC25,$AO$19,$AO$21,FALSE),NA()) | AH25: =IF(ISNUMBER($AO$15),IF(AND($AO$15>=AB25,$AO$15<AB25+$AB$3),$AB$4,NA()),NA()) | AI25: =IF(ISNUMBER($AO$16),IF(AND($AO$16>=AB25,$AO$16<AB25+$AB$3),$AB$4,NA()),NA()) | AJ25: =IF(ISNUMBER($AO$17),IF(AND($AO$17>=AB25,$AO$17<AB25+$AB$3),$AB$4,NA()),NA()) | AM25: Cpk | AN25: =IF($B$2="","",IFERROR(INDEX(R_BODY,$B$2,MATCH($AM25,R_HDR,0))&"","")) | AO25: =IF(AN25="","",IFERROR(VALUE(AN25),AN25))
A26: 15 | B26: =IF(A26<=$B$4,$B$3+A26-1,"") | C26: =IF(B26="","",INDEX(D_LOT,B26)&"") | D26: =IF(B26="","",INDEX(D_SEQ,B26)) | E26: =IF(B26="","",IFERROR(VALUE(INDEX(D_VAL,B26)&""),"")) | F26: =IF(B26="","",F25+(C26<>C25)) | G26: =IF(B26="","",F26&"|"&D26) | J26: 25 | K26: =IFERROR(INDEX($C$12:$C$761,MATCH(J26,$F$12:$F$761,0)),"") | L26: =COUNTIF($F$12:$F$761,J26) | M26: =IF(L26=0,"",AVERAGEIF($F$12:$F$761,J26,$E$12:$E$761)) | N26: =IF(L26=0,"",MAX(INDEX($E$12:$E$761,MATCH(J26,$F$12:$F$761,0)):INDEX($E$12:$E$761,MATCH(J26,$F$12:$F$761,0)+L26-1))-MIN(INDEX($E$12:$E$761,MATCH(J26,$F$12:$F$761,0)):INDEX($E$12:$E$761,MATCH(J26,$F$12:$F$761,0)+L26-1))) | O26: =IF(AND(J26<=$B$5,L26>0),M26,NA()) | P26: =IF(J26<=$B$5,IF(ISNUMBER($AO$34),$AO$34,NA()),NA()) | Q26: =IF(J26<=$B$5,IF(ISNUMBER($AO$35),$AO$35,NA()),NA()) | R26: =IF(J26<=$B$5,IF(ISNUMBER($AO$36),$AO$36,NA()),NA()) | S26: =IF(AND(J26<=$B$5,L26>0),IF(OR(M26>P26,M26<R26),M26,NA()),NA()) | T26: =IF(J26<=$B$5,K26,"") | U26: =IF(AND(J26<=$B$5,L26>0),N26,NA()) | V26: =IF(J26<=$B$5,IF(ISNUMBER($AO$37),$AO$37,NA()),NA()) | W26: =IF(J26<=$B$5,IF(ISNUMBER($AO$38),$AO$38,NA()),NA()) | X26: =IF(J26<=$B$5,IF(ISNUMBER($AO$39),$AO$39,NA()),NA()) | Y26: =IF(AND(J26<=$B$5,L26>0),IF(N26>V26,N26,NA()),NA()) | AB26: =$AB$2+(20-1)*$AB$3 | AC26: =AB26+$AB$3/2 | AD26: =TEXT(AC26,IF($AB$3<0.1,"0.00",IF($AB$3<1,"0.0","0"))) | AE26: =IF($B$4=0,0,COUNTIFS('계산'!$E$12:$E$761,">="&AB26,'계산'!$E$12:$E$761,"<"&AB26+$AB$3)) | AF26: =IF(AND(ISNUMBER($AO$20),ISNUMBER($AO$18)),$AO$18*$AB$3*NORMDIST(AC26,$AO$19,$AO$20,FALSE),NA()) | AG26: =IF(AND(ISNUMBER($AO$21),ISNUMBER($AO$18)),$AO$18*$AB$3*NORMDIST(AC26,$AO$19,$AO$21,FALSE),NA()) | AH26: =IF(ISNUMBER($AO$15),IF(AND($AO$15>=AB26,$AO$15<AB26+$AB$3),$AB$4,NA()),NA()) | AI26: =IF(ISNUMBER($AO$16),IF(AND($AO$16>=AB26,$AO$16<AB26+$AB$3),$AB$4,NA()),NA()) | AJ26: =IF(ISNUMBER($AO$17),IF(AND($AO$17>=AB26,$AO$17<AB26+$AB$3),$AB$4,NA()),NA()) | AM26: Pp | AN26: =IF($B$2="","",IFERROR(INDEX(R_BODY,$B$2,MATCH($AM26,R_HDR,0))&"","")) | AO26: =IF(AN26="","",IFERROR(VALUE(AN26),AN26))
A27: 16 | B27: =IF(A27<=$B$4,$B$3+A27-1,"") | C27: =IF(B27="","",INDEX(D_LOT,B27)&"") | D27: =IF(B27="","",INDEX(D_SEQ,B27)) | E27: =IF(B27="","",IFERROR(VALUE(INDEX(D_VAL,B27)&""),"")) | F27: =IF(B27="","",F26+(C27<>C26)) | G27: =IF(B27="","",F27&"|"&D27) | J27: 26 | K27: =IFERROR(INDEX($C$12:$C$761,MATCH(J27,$F$12:$F$761,0)),"") | L27: =COUNTIF($F$12:$F$761,J27) | M27: =IF(L27=0,"",AVERAGEIF($F$12:$F$761,J27,$E$12:$E$761)) | N27: =IF(L27=0,"",MAX(INDEX($E$12:$E$761,MATCH(J27,$F$12:$F$761,0)):INDEX($E$12:$E$761,MATCH(J27,$F$12:$F$761,0)+L27-1))-MIN(INDEX($E$12:$E$761,MATCH(J27,$F$12:$F$761,0)):INDEX($E$12:$E$761,MATCH(J27,$F$12:$F$761,0)+L27-1))) | O27: =IF(AND(J27<=$B$5,L27>0),M27,NA()) | P27: =IF(J27<=$B$5,IF(ISNUMBER($AO$34),$AO$34,NA()),NA()) | Q27: =IF(J27<=$B$5,IF(ISNUMBER($AO$35),$AO$35,NA()),NA()) | R27: =IF(J27<=$B$5,IF(ISNUMBER($AO$36),$AO$36,NA()),NA()) | S27: =IF(AND(J27<=$B$5,L27>0),IF(OR(M27>P27,M27<R27),M27,NA()),NA()) | T27: =IF(J27<=$B$5,K27,"") | U27: =IF(AND(J27<=$B$5,L27>0),N27,NA()) | V27: =IF(J27<=$B$5,IF(ISNUMBER($AO$37),$AO$37,NA()),NA()) | W27: =IF(J27<=$B$5,IF(ISNUMBER($AO$38),$AO$38,NA()),NA()) | X27: =IF(J27<=$B$5,IF(ISNUMBER($AO$39),$AO$39,NA()),NA()) | Y27: =IF(AND(J27<=$B$5,L27>0),IF(N27>V27,N27,NA()),NA()) | AB27: =$AB$2+(21-1)*$AB$3 | AC27: =AB27+$AB$3/2 | AD27: =TEXT(AC27,IF($AB$3<0.1,"0.00",IF($AB$3<1,"0.0","0"))) | AE27: =IF($B$4=0,0,COUNTIFS('계산'!$E$12:$E$761,">="&AB27,'계산'!$E$12:$E$761,"<"&AB27+$AB$3)) | AF27: =IF(AND(ISNUMBER($AO$20),ISNUMBER($AO$18)),$AO$18*$AB$3*NORMDIST(AC27,$AO$19,$AO$20,FALSE),NA()) | AG27: =IF(AND(ISNUMBER($AO$21),ISNUMBER($AO$18)),$AO$18*$AB$3*NORMDIST(AC27,$AO$19,$AO$21,FALSE),NA()) | AH27: =IF(ISNUMBER($AO$15),IF(AND($AO$15>=AB27,$AO$15<AB27+$AB$3),$AB$4,NA()),NA()) | AI27: =IF(ISNUMBER($AO$16),IF(AND($AO$16>=AB27,$AO$16<AB27+$AB$3),$AB$4,NA()),NA()) | AJ27: =IF(ISNUMBER($AO$17),IF(AND($AO$17>=AB27,$AO$17<AB27+$AB$3),$AB$4,NA()),NA()) | AM27: PPL | AN27: =IF($B$2="","",IFERROR(INDEX(R_BODY,$B$2,MATCH($AM27,R_HDR,0))&"","")) | AO27: =IF(AN27="","",IFERROR(VALUE(AN27),AN27))
A28: 17 | B28: =IF(A28<=$B$4,$B$3+A28-1,"") | C28: =IF(B28="","",INDEX(D_LOT,B28)&"") | D28: =IF(B28="","",INDEX(D_SEQ,B28)) | E28: =IF(B28="","",IFERROR(VALUE(INDEX(D_VAL,B28)&""),"")) | F28: =IF(B28="","",F27+(C28<>C27)) | G28: =IF(B28="","",F28&"|"&D28) | J28: 27 | K28: =IFERROR(INDEX($C$12:$C$761,MATCH(J28,$F$12:$F$761,0)),"") | L28: =COUNTIF($F$12:$F$761,J28) | M28: =IF(L28=0,"",AVERAGEIF($F$12:$F$761,J28,$E$12:$E$761)) | N28: =IF(L28=0,"",MAX(INDEX($E$12:$E$761,MATCH(J28,$F$12:$F$761,0)):INDEX($E$12:$E$761,MATCH(J28,$F$12:$F$761,0)+L28-1))-MIN(INDEX($E$12:$E$761,MATCH(J28,$F$12:$F$761,0)):INDEX($E$12:$E$761,MATCH(J28,$F$12:$F$761,0)+L28-1))) | O28: =IF(AND(J28<=$B$5,L28>0),M28,NA()) | P28: =IF(J28<=$B$5,IF(ISNUMBER($AO$34),$AO$34,NA()),NA()) | Q28: =IF(J28<=$B$5,IF(ISNUMBER($AO$35),$AO$35,NA()),NA()) | R28: =IF(J28<=$B$5,IF(ISNUMBER($AO$36),$AO$36,NA()),NA()) | S28: =IF(AND(J28<=$B$5,L28>0),IF(OR(M28>P28,M28<R28),M28,NA()),NA()) | T28: =IF(J28<=$B$5,K28,"") | U28: =IF(AND(J28<=$B$5,L28>0),N28,NA()) | V28: =IF(J28<=$B$5,IF(ISNUMBER($AO$37),$AO$37,NA()),NA()) | W28: =IF(J28<=$B$5,IF(ISNUMBER($AO$38),$AO$38,NA()),NA()) | X28: =IF(J28<=$B$5,IF(ISNUMBER($AO$39),$AO$39,NA()),NA()) | Y28: =IF(AND(J28<=$B$5,L28>0),IF(N28>V28,N28,NA()),NA()) | AB28: =$AB$2+(22-1)*$AB$3 | AC28: =AB28+$AB$3/2 | AD28: =TEXT(AC28,IF($AB$3<0.1,"0.00",IF($AB$3<1,"0.0","0"))) | AE28: =IF($B$4=0,0,COUNTIFS('계산'!$E$12:$E$761,">="&AB28,'계산'!$E$12:$E$761,"<"&AB28+$AB$3)) | AF28: =IF(AND(ISNUMBER($AO$20),ISNUMBER($AO$18)),$AO$18*$AB$3*NORMDIST(AC28,$AO$19,$AO$20,FALSE),NA()) | AG28: =IF(AND(ISNUMBER($AO$21),ISNUMBER($AO$18)),$AO$18*$AB$3*NORMDIST(AC28,$AO$19,$AO$21,FALSE),NA()) | AH28: =IF(ISNUMBER($AO$15),IF(AND($AO$15>=AB28,$AO$15<AB28+$AB$3),$AB$4,NA()),NA()) | AI28: =IF(ISNUMBER($AO$16),IF(AND($AO$16>=AB28,$AO$16<AB28+$AB$3),$AB$4,NA()),NA()) | AJ28: =IF(ISNUMBER($AO$17),IF(AND($AO$17>=AB28,$AO$17<AB28+$AB$3),$AB$4,NA()),NA()) | AM28: PPU | AN28: =IF($B$2="","",IFERROR(INDEX(R_BODY,$B$2,MATCH($AM28,R_HDR,0))&"","")) | AO28: =IF(AN28="","",IFERROR(VALUE(AN28),AN28))
A29: 18 | B29: =IF(A29<=$B$4,$B$3+A29-1,"") | C29: =IF(B29="","",INDEX(D_LOT,B29)&"") | D29: =IF(B29="","",INDEX(D_SEQ,B29)) | E29: =IF(B29="","",IFERROR(VALUE(INDEX(D_VAL,B29)&""),"")) | F29: =IF(B29="","",F28+(C29<>C28)) | G29: =IF(B29="","",F29&"|"&D29) | J29: 28 | K29: =IFERROR(INDEX($C$12:$C$761,MATCH(J29,$F$12:$F$761,0)),"") | L29: =COUNTIF($F$12:$F$761,J29) | M29: =IF(L29=0,"",AVERAGEIF($F$12:$F$761,J29,$E$12:$E$761)) | N29: =IF(L29=0,"",MAX(INDEX($E$12:$E$761,MATCH(J29,$F$12:$F$761,0)):INDEX($E$12:$E$761,MATCH(J29,$F$12:$F$761,0)+L29-1))-MIN(INDEX($E$12:$E$761,MATCH(J29,$F$12:$F$761,0)):INDEX($E$12:$E$761,MATCH(J29,$F$12:$F$761,0)+L29-1))) | O29: =IF(AND(J29<=$B$5,L29>0),M29,NA()) | P29: =IF(J29<=$B$5,IF(ISNUMBER($AO$34),$AO$34,NA()),NA()) | Q29: =IF(J29<=$B$5,IF(ISNUMBER($AO$35),$AO$35,NA()),NA()) | R29: =IF(J29<=$B$5,IF(ISNUMBER($AO$36),$AO$36,NA()),NA()) | S29: =IF(AND(J29<=$B$5,L29>0),IF(OR(M29>P29,M29<R29),M29,NA()),NA()) | T29: =IF(J29<=$B$5,K29,"") | U29: =IF(AND(J29<=$B$5,L29>0),N29,NA()) | V29: =IF(J29<=$B$5,IF(ISNUMBER($AO$37),$AO$37,NA()),NA()) | W29: =IF(J29<=$B$5,IF(ISNUMBER($AO$38),$AO$38,NA()),NA()) | X29: =IF(J29<=$B$5,IF(ISNUMBER($AO$39),$AO$39,NA()),NA()) | Y29: =IF(AND(J29<=$B$5,L29>0),IF(N29>V29,N29,NA()),NA()) | AB29: =$AB$2+(23-1)*$AB$3 | AC29: =AB29+$AB$3/2 | AD29: =TEXT(AC29,IF($AB$3<0.1,"0.00",IF($AB$3<1,"0.0","0"))) | AE29: =IF($B$4=0,0,COUNTIFS('계산'!$E$12:$E$761,">="&AB29,'계산'!$E$12:$E$761,"<"&AB29+$AB$3)) | AF29: =IF(AND(ISNUMBER($AO$20),ISNUMBER($AO$18)),$AO$18*$AB$3*NORMDIST(AC29,$AO$19,$AO$20,FALSE),NA()) | AG29: =IF(AND(ISNUMBER($AO$21),ISNUMBER($AO$18)),$AO$18*$AB$3*NORMDIST(AC29,$AO$19,$AO$21,FALSE),NA()) | AH29: =IF(ISNUMBER($AO$15),IF(AND($AO$15>=AB29,$AO$15<AB29+$AB$3),$AB$4,NA()),NA()) | AI29: =IF(ISNUMBER($AO$16),IF(AND($AO$16>=AB29,$AO$16<AB29+$AB$3),$AB$4,NA()),NA()) | AJ29: =IF(ISNUMBER($AO$17),IF(AND($AO$17>=AB29,$AO$17<AB29+$AB$3),$AB$4,NA()),NA()) | AM29: Ppk | AN29: =IF($B$2="","",IFERROR(INDEX(R_BODY,$B$2,MATCH($AM29,R_HDR,0))&"","")) | AO29: =IF(AN29="","",IFERROR(VALUE(AN29),AN29))
A30: 19 | B30: =IF(A30<=$B$4,$B$3+A30-1,"") | C30: =IF(B30="","",INDEX(D_LOT,B30)&"") | D30: =IF(B30="","",INDEX(D_SEQ,B30)) | E30: =IF(B30="","",IFERROR(VALUE(INDEX(D_VAL,B30)&""),"")) | F30: =IF(B30="","",F29+(C30<>C29)) | G30: =IF(B30="","",F30&"|"&D30) | J30: 29 | K30: =IFERROR(INDEX($C$12:$C$761,MATCH(J30,$F$12:$F$761,0)),"") | L30: =COUNTIF($F$12:$F$761,J30) | M30: =IF(L30=0,"",AVERAGEIF($F$12:$F$761,J30,$E$12:$E$761)) | N30: =IF(L30=0,"",MAX(INDEX($E$12:$E$761,MATCH(J30,$F$12:$F$761,0)):INDEX($E$12:$E$761,MATCH(J30,$F$12:$F$761,0)+L30-1))-MIN(INDEX($E$12:$E$761,MATCH(J30,$F$12:$F$761,0)):INDEX($E$12:$E$761,MATCH(J30,$F$12:$F$761,0)+L30-1))) | O30: =IF(AND(J30<=$B$5,L30>0),M30,NA()) | P30: =IF(J30<=$B$5,IF(ISNUMBER($AO$34),$AO$34,NA()),NA()) | Q30: =IF(J30<=$B$5,IF(ISNUMBER($AO$35),$AO$35,NA()),NA()) | R30: =IF(J30<=$B$5,IF(ISNUMBER($AO$36),$AO$36,NA()),NA()) | S30: =IF(AND(J30<=$B$5,L30>0),IF(OR(M30>P30,M30<R30),M30,NA()),NA()) | T30: =IF(J30<=$B$5,K30,"") | U30: =IF(AND(J30<=$B$5,L30>0),N30,NA()) | V30: =IF(J30<=$B$5,IF(ISNUMBER($AO$37),$AO$37,NA()),NA()) | W30: =IF(J30<=$B$5,IF(ISNUMBER($AO$38),$AO$38,NA()),NA()) | X30: =IF(J30<=$B$5,IF(ISNUMBER($AO$39),$AO$39,NA()),NA()) | Y30: =IF(AND(J30<=$B$5,L30>0),IF(N30>V30,N30,NA()),NA()) | AB30: =$AB$2+(24-1)*$AB$3 | AC30: =AB30+$AB$3/2 | AD30: =TEXT(AC30,IF($AB$3<0.1,"0.00",IF($AB$3<1,"0.0","0"))) | AE30: =IF($B$4=0,0,COUNTIFS('계산'!$E$12:$E$761,">="&AB30,'계산'!$E$12:$E$761,"<"&AB30+$AB$3)) | AF30: =IF(AND(ISNUMBER($AO$20),ISNUMBER($AO$18)),$AO$18*$AB$3*NORMDIST(AC30,$AO$19,$AO$20,FALSE),NA()) | AG30: =IF(AND(ISNUMBER($AO$21),ISNUMBER($AO$18)),$AO$18*$AB$3*NORMDIST(AC30,$AO$19,$AO$21,FALSE),NA()) | AH30: =IF(ISNUMBER($AO$15),IF(AND($AO$15>=AB30,$AO$15<AB30+$AB$3),$AB$4,NA()),NA()) | AI30: =IF(ISNUMBER($AO$16),IF(AND($AO$16>=AB30,$AO$16<AB30+$AB$3),$AB$4,NA()),NA()) | AJ30: =IF(ISNUMBER($AO$17),IF(AND($AO$17>=AB30,$AO$17<AB30+$AB$3),$AB$4,NA()),NA()) | AM30: Cpm | AN30: =IF($B$2="","",IFERROR(INDEX(R_BODY,$B$2,MATCH($AM30,R_HDR,0))&"","")) | AO30: =IF(AN30="","",IFERROR(VALUE(AN30),AN30))
A31: 20 | B31: =IF(A31<=$B$4,$B$3+A31-1,"") | C31: =IF(B31="","",INDEX(D_LOT,B31)&"") | D31: =IF(B31="","",INDEX(D_SEQ,B31)) | E31: =IF(B31="","",IFERROR(VALUE(INDEX(D_VAL,B31)&""),"")) | F31: =IF(B31="","",F30+(C31<>C30)) | G31: =IF(B31="","",F31&"|"&D31) | J31: 30 | K31: =IFERROR(INDEX($C$12:$C$761,MATCH(J31,$F$12:$F$761,0)),"") | L31: =COUNTIF($F$12:$F$761,J31) | M31: =IF(L31=0,"",AVERAGEIF($F$12:$F$761,J31,$E$12:$E$761)) | N31: =IF(L31=0,"",MAX(INDEX($E$12:$E$761,MATCH(J31,$F$12:$F$761,0)):INDEX($E$12:$E$761,MATCH(J31,$F$12:$F$761,0)+L31-1))-MIN(INDEX($E$12:$E$761,MATCH(J31,$F$12:$F$761,0)):INDEX($E$12:$E$761,MATCH(J31,$F$12:$F$761,0)+L31-1))) | O31: =IF(AND(J31<=$B$5,L31>0),M31,NA()) | P31: =IF(J31<=$B$5,IF(ISNUMBER($AO$34),$AO$34,NA()),NA()) | Q31: =IF(J31<=$B$5,IF(ISNUMBER($AO$35),$AO$35,NA()),NA()) | R31: =IF(J31<=$B$5,IF(ISNUMBER($AO$36),$AO$36,NA()),NA()) | S31: =IF(AND(J31<=$B$5,L31>0),IF(OR(M31>P31,M31<R31),M31,NA()),NA()) | T31: =IF(J31<=$B$5,K31,"") | U31: =IF(AND(J31<=$B$5,L31>0),N31,NA()) | V31: =IF(J31<=$B$5,IF(ISNUMBER($AO$37),$AO$37,NA()),NA()) | W31: =IF(J31<=$B$5,IF(ISNUMBER($AO$38),$AO$38,NA()),NA()) | X31: =IF(J31<=$B$5,IF(ISNUMBER($AO$39),$AO$39,NA()),NA()) | Y31: =IF(AND(J31<=$B$5,L31>0),IF(N31>V31,N31,NA()),NA()) | AB31: =$AB$2+(25-1)*$AB$3 | AC31: =AB31+$AB$3/2 | AD31: =TEXT(AC31,IF($AB$3<0.1,"0.00",IF($AB$3<1,"0.0","0"))) | AE31: =IF($B$4=0,0,COUNTIFS('계산'!$E$12:$E$761,">="&AB31,'계산'!$E$12:$E$761,"<"&AB31+$AB$3)) | AF31: =IF(AND(ISNUMBER($AO$20),ISNUMBER($AO$18)),$AO$18*$AB$3*NORMDIST(AC31,$AO$19,$AO$20,FALSE),NA()) | AG31: =IF(AND(ISNUMBER($AO$21),ISNUMBER($AO$18)),$AO$18*$AB$3*NORMDIST(AC31,$AO$19,$AO$21,FALSE),NA()) | AH31: =IF(ISNUMBER($AO$15),IF(AND($AO$15>=AB31,$AO$15<AB31+$AB$3),$AB$4,NA()),NA()) | AI31: =IF(ISNUMBER($AO$16),IF(AND($AO$16>=AB31,$AO$16<AB31+$AB$3),$AB$4,NA()),NA()) | AJ31: =IF(ISNUMBER($AO$17),IF(AND($AO$17>=AB31,$AO$17<AB31+$AB$3),$AB$4,NA()),NA()) | AM31: PPM관측 | AN31: =IF($B$2="","",IFERROR(INDEX(R_BODY,$B$2,MATCH($AM31,R_HDR,0))&"","")) | AO31: =IF(AN31="","",IFERROR(VALUE(AN31),AN31))
A32: 21 | B32: =IF(A32<=$B$4,$B$3+A32-1,"") | C32: =IF(B32="","",INDEX(D_LOT,B32)&"") | D32: =IF(B32="","",INDEX(D_SEQ,B32)) | E32: =IF(B32="","",IFERROR(VALUE(INDEX(D_VAL,B32)&""),"")) | F32: =IF(B32="","",F31+(C32<>C31)) | G32: =IF(B32="","",F32&"|"&D32) | AB32: =$AB$2+(26-1)*$AB$3 | AC32: =AB32+$AB$3/2 | AD32: =TEXT(AC32,IF($AB$3<0.1,"0.00",IF($AB$3<1,"0.0","0"))) | AE32: =IF($B$4=0,0,COUNTIFS('계산'!$E$12:$E$761,">="&AB32,'계산'!$E$12:$E$761,"<"&AB32+$AB$3)) | AF32: =IF(AND(ISNUMBER($AO$20),ISNUMBER($AO$18)),$AO$18*$AB$3*NORMDIST(AC32,$AO$19,$AO$20,FALSE),NA()) | AG32: =IF(AND(ISNUMBER($AO$21),ISNUMBER($AO$18)),$AO$18*$AB$3*NORMDIST(AC32,$AO$19,$AO$21,FALSE),NA()) | AH32: =IF(ISNUMBER($AO$15),IF(AND($AO$15>=AB32,$AO$15<AB32+$AB$3),$AB$4,NA()),NA()) | AI32: =IF(ISNUMBER($AO$16),IF(AND($AO$16>=AB32,$AO$16<AB32+$AB$3),$AB$4,NA()),NA()) | AJ32: =IF(ISNUMBER($AO$17),IF(AND($AO$17>=AB32,$AO$17<AB32+$AB$3),$AB$4,NA()),NA()) | AM32: PPM기대(전체) | AN32: =IF($B$2="","",IFERROR(INDEX(R_BODY,$B$2,MATCH($AM32,R_HDR,0))&"","")) | AO32: =IF(AN32="","",IFERROR(VALUE(AN32),AN32))
A33: 22 | B33: =IF(A33<=$B$4,$B$3+A33-1,"") | C33: =IF(B33="","",INDEX(D_LOT,B33)&"") | D33: =IF(B33="","",INDEX(D_SEQ,B33)) | E33: =IF(B33="","",IFERROR(VALUE(INDEX(D_VAL,B33)&""),"")) | F33: =IF(B33="","",F32+(C33<>C32)) | G33: =IF(B33="","",F33&"|"&D33) | AB33: =$AB$2+(27-1)*$AB$3 | AC33: =AB33+$AB$3/2 | AD33: =TEXT(AC33,IF($AB$3<0.1,"0.00",IF($AB$3<1,"0.0","0"))) | AE33: =IF($B$4=0,0,COUNTIFS('계산'!$E$12:$E$761,">="&AB33,'계산'!$E$12:$E$761,"<"&AB33+$AB$3)) | AF33: =IF(AND(ISNUMBER($AO$20),ISNUMBER($AO$18)),$AO$18*$AB$3*NORMDIST(AC33,$AO$19,$AO$20,FALSE),NA()) | AG33: =IF(AND(ISNUMBER($AO$21),ISNUMBER($AO$18)),$AO$18*$AB$3*NORMDIST(AC33,$AO$19,$AO$21,FALSE),NA()) | AH33: =IF(ISNUMBER($AO$15),IF(AND($AO$15>=AB33,$AO$15<AB33+$AB$3),$AB$4,NA()),NA()) | AI33: =IF(ISNUMBER($AO$16),IF(AND($AO$16>=AB33,$AO$16<AB33+$AB$3),$AB$4,NA()),NA()) | AJ33: =IF(ISNUMBER($AO$17),IF(AND($AO$17>=AB33,$AO$17<AB33+$AB$3),$AB$4,NA()),NA()) | AM33: PPM기대(군내) | AN33: =IF($B$2="","",IFERROR(INDEX(R_BODY,$B$2,MATCH($AM33,R_HDR,0))&"","")) | AO33: =IF(AN33="","",IFERROR(VALUE(AN33),AN33))
A34: 23 | B34: =IF(A34<=$B$4,$B$3+A34-1,"") | C34: =IF(B34="","",INDEX(D_LOT,B34)&"") | D34: =IF(B34="","",INDEX(D_SEQ,B34)) | E34: =IF(B34="","",IFERROR(VALUE(INDEX(D_VAL,B34)&""),"")) | F34: =IF(B34="","",F33+(C34<>C33)) | G34: =IF(B34="","",F34&"|"&D34) | AB34: =$AB$2+(28-1)*$AB$3 | AC34: =AB34+$AB$3/2 | AD34: =TEXT(AC34,IF($AB$3<0.1,"0.00",IF($AB$3<1,"0.0","0"))) | AE34: =IF($B$4=0,0,COUNTIFS('계산'!$E$12:$E$761,">="&AB34,'계산'!$E$12:$E$761,"<"&AB34+$AB$3)) | AF34: =IF(AND(ISNUMBER($AO$20),ISNUMBER($AO$18)),$AO$18*$AB$3*NORMDIST(AC34,$AO$19,$AO$20,FALSE),NA()) | AG34: =IF(AND(ISNUMBER($AO$21),ISNUMBER($AO$18)),$AO$18*$AB$3*NORMDIST(AC34,$AO$19,$AO$21,FALSE),NA()) | AH34: =IF(ISNUMBER($AO$15),IF(AND($AO$15>=AB34,$AO$15<AB34+$AB$3),$AB$4,NA()),NA()) | AI34: =IF(ISNUMBER($AO$16),IF(AND($AO$16>=AB34,$AO$16<AB34+$AB$3),$AB$4,NA()),NA()) | AJ34: =IF(ISNUMBER($AO$17),IF(AND($AO$17>=AB34,$AO$17<AB34+$AB$3),$AB$4,NA()),NA()) | AM34: Xbar UCL | AN34: =IF($B$2="","",IFERROR(INDEX(R_BODY,$B$2,MATCH($AM34,R_HDR,0))&"","")) | AO34: =IF(AN34="","",IFERROR(VALUE(AN34),AN34))
A35: 24 | B35: =IF(A35<=$B$4,$B$3+A35-1,"") | C35: =IF(B35="","",INDEX(D_LOT,B35)&"") | D35: =IF(B35="","",INDEX(D_SEQ,B35)) | E35: =IF(B35="","",IFERROR(VALUE(INDEX(D_VAL,B35)&""),"")) | F35: =IF(B35="","",F34+(C35<>C34)) | G35: =IF(B35="","",F35&"|"&D35) | AB35: =$AB$2+(29-1)*$AB$3 | AC35: =AB35+$AB$3/2 | AD35: =TEXT(AC35,IF($AB$3<0.1,"0.00",IF($AB$3<1,"0.0","0"))) | AE35: =IF($B$4=0,0,COUNTIFS('계산'!$E$12:$E$761,">="&AB35,'계산'!$E$12:$E$761,"<"&AB35+$AB$3)) | AF35: =IF(AND(ISNUMBER($AO$20),ISNUMBER($AO$18)),$AO$18*$AB$3*NORMDIST(AC35,$AO$19,$AO$20,FALSE),NA()) | AG35: =IF(AND(ISNUMBER($AO$21),ISNUMBER($AO$18)),$AO$18*$AB$3*NORMDIST(AC35,$AO$19,$AO$21,FALSE),NA()) | AH35: =IF(ISNUMBER($AO$15),IF(AND($AO$15>=AB35,$AO$15<AB35+$AB$3),$AB$4,NA()),NA()) | AI35: =IF(ISNUMBER($AO$16),IF(AND($AO$16>=AB35,$AO$16<AB35+$AB$3),$AB$4,NA()),NA()) | AJ35: =IF(ISNUMBER($AO$17),IF(AND($AO$17>=AB35,$AO$17<AB35+$AB$3),$AB$4,NA()),NA()) | AM35: Xbar CL | AN35: =IF($B$2="","",IFERROR(INDEX(R_BODY,$B$2,MATCH($AM35,R_HDR,0))&"","")) | AO35: =IF(AN35="","",IFERROR(VALUE(AN35),AN35))
A36: 25 | B36: =IF(A36<=$B$4,$B$3+A36-1,"") | C36: =IF(B36="","",INDEX(D_LOT,B36)&"") | D36: =IF(B36="","",INDEX(D_SEQ,B36)) | E36: =IF(B36="","",IFERROR(VALUE(INDEX(D_VAL,B36)&""),"")) | F36: =IF(B36="","",F35+(C36<>C35)) | G36: =IF(B36="","",F36&"|"&D36) | AB36: =$AB$2+(30-1)*$AB$3 | AC36: =AB36+$AB$3/2 | AD36: =TEXT(AC36,IF($AB$3<0.1,"0.00",IF($AB$3<1,"0.0","0"))) | AE36: =IF($B$4=0,0,COUNTIFS('계산'!$E$12:$E$761,">="&AB36,'계산'!$E$12:$E$761,"<"&AB36+$AB$3)) | AF36: =IF(AND(ISNUMBER($AO$20),ISNUMBER($AO$18)),$AO$18*$AB$3*NORMDIST(AC36,$AO$19,$AO$20,FALSE),NA()) | AG36: =IF(AND(ISNUMBER($AO$21),ISNUMBER($AO$18)),$AO$18*$AB$3*NORMDIST(AC36,$AO$19,$AO$21,FALSE),NA()) | AH36: =IF(ISNUMBER($AO$15),IF(AND($AO$15>=AB36,$AO$15<AB36+$AB$3),$AB$4,NA()),NA()) | AI36: =IF(ISNUMBER($AO$16),IF(AND($AO$16>=AB36,$AO$16<AB36+$AB$3),$AB$4,NA()),NA()) | AJ36: =IF(ISNUMBER($AO$17),IF(AND($AO$17>=AB36,$AO$17<AB36+$AB$3),$AB$4,NA()),NA()) | AM36: Xbar LCL | AN36: =IF($B$2="","",IFERROR(INDEX(R_BODY,$B$2,MATCH($AM36,R_HDR,0))&"","")) | AO36: =IF(AN36="","",IFERROR(VALUE(AN36),AN36))
A37: 26 | B37: =IF(A37<=$B$4,$B$3+A37-1,"") | C37: =IF(B37="","",INDEX(D_LOT,B37)&"") | D37: =IF(B37="","",INDEX(D_SEQ,B37)) | E37: =IF(B37="","",IFERROR(VALUE(INDEX(D_VAL,B37)&""),"")) | F37: =IF(B37="","",F36+(C37<>C36)) | G37: =IF(B37="","",F37&"|"&D37) | AB37: =$AB$2+(31-1)*$AB$3 | AC37: =AB37+$AB$3/2 | AD37: =TEXT(AC37,IF($AB$3<0.1,"0.00",IF($AB$3<1,"0.0","0"))) | AE37: =IF($B$4=0,0,COUNTIFS('계산'!$E$12:$E$761,">="&AB37,'계산'!$E$12:$E$761,"<"&AB37+$AB$3)) | AF37: =IF(AND(ISNUMBER($AO$20),ISNUMBER($AO$18)),$AO$18*$AB$3*NORMDIST(AC37,$AO$19,$AO$20,FALSE),NA()) | AG37: =IF(AND(ISNUMBER($AO$21),ISNUMBER($AO$18)),$AO$18*$AB$3*NORMDIST(AC37,$AO$19,$AO$21,FALSE),NA()) | AH37: =IF(ISNUMBER($AO$15),IF(AND($AO$15>=AB37,$AO$15<AB37+$AB$3),$AB$4,NA()),NA()) | AI37: =IF(ISNUMBER($AO$16),IF(AND($AO$16>=AB37,$AO$16<AB37+$AB$3),$AB$4,NA()),NA()) | AJ37: =IF(ISNUMBER($AO$17),IF(AND($AO$17>=AB37,$AO$17<AB37+$AB$3),$AB$4,NA()),NA()) | AM37: R UCL | AN37: =IF($B$2="","",IFERROR(INDEX(R_BODY,$B$2,MATCH($AM37,R_HDR,0))&"","")) | AO37: =IF(AN37="","",IFERROR(VALUE(AN37),AN37))
A38: 27 | B38: =IF(A38<=$B$4,$B$3+A38-1,"") | C38: =IF(B38="","",INDEX(D_LOT,B38)&"") | D38: =IF(B38="","",INDEX(D_SEQ,B38)) | E38: =IF(B38="","",IFERROR(VALUE(INDEX(D_VAL,B38)&""),"")) | F38: =IF(B38="","",F37+(C38<>C37)) | G38: =IF(B38="","",F38&"|"&D38) | AB38: =$AB$2+(32-1)*$AB$3 | AC38: =AB38+$AB$3/2 | AD38: =TEXT(AC38,IF($AB$3<0.1,"0.00",IF($AB$3<1,"0.0","0"))) | AE38: =IF($B$4=0,0,COUNTIFS('계산'!$E$12:$E$761,">="&AB38,'계산'!$E$12:$E$761,"<"&AB38+$AB$3)) | AF38: =IF(AND(ISNUMBER($AO$20),ISNUMBER($AO$18)),$AO$18*$AB$3*NORMDIST(AC38,$AO$19,$AO$20,FALSE),NA()) | AG38: =IF(AND(ISNUMBER($AO$21),ISNUMBER($AO$18)),$AO$18*$AB$3*NORMDIST(AC38,$AO$19,$AO$21,FALSE),NA()) | AH38: =IF(ISNUMBER($AO$15),IF(AND($AO$15>=AB38,$AO$15<AB38+$AB$3),$AB$4,NA()),NA()) | AI38: =IF(ISNUMBER($AO$16),IF(AND($AO$16>=AB38,$AO$16<AB38+$AB$3),$AB$4,NA()),NA()) | AJ38: =IF(ISNUMBER($AO$17),IF(AND($AO$17>=AB38,$AO$17<AB38+$AB$3),$AB$4,NA()),NA()) | AM38: R CL | AN38: =IF($B$2="","",IFERROR(INDEX(R_BODY,$B$2,MATCH($AM38,R_HDR,0))&"","")) | AO38: =IF(AN38="","",IFERROR(VALUE(AN38),AN38))
A39: 28 | B39: =IF(A39<=$B$4,$B$3+A39-1,"") | C39: =IF(B39="","",INDEX(D_LOT,B39)&"") | D39: =IF(B39="","",INDEX(D_SEQ,B39)) | E39: =IF(B39="","",IFERROR(VALUE(INDEX(D_VAL,B39)&""),"")) | F39: =IF(B39="","",F38+(C39<>C38)) | G39: =IF(B39="","",F39&"|"&D39) | AB39: =$AB$2+(33-1)*$AB$3 | AC39: =AB39+$AB$3/2 | AD39: =TEXT(AC39,IF($AB$3<0.1,"0.00",IF($AB$3<1,"0.0","0"))) | AE39: =IF($B$4=0,0,COUNTIFS('계산'!$E$12:$E$761,">="&AB39,'계산'!$E$12:$E$761,"<"&AB39+$AB$3)) | AF39: =IF(AND(ISNUMBER($AO$20),ISNUMBER($AO$18)),$AO$18*$AB$3*NORMDIST(AC39,$AO$19,$AO$20,FALSE),NA()) | AG39: =IF(AND(ISNUMBER($AO$21),ISNUMBER($AO$18)),$AO$18*$AB$3*NORMDIST(AC39,$AO$19,$AO$21,FALSE),NA()) | AH39: =IF(ISNUMBER($AO$15),IF(AND($AO$15>=AB39,$AO$15<AB39+$AB$3),$AB$4,NA()),NA()) | AI39: =IF(ISNUMBER($AO$16),IF(AND($AO$16>=AB39,$AO$16<AB39+$AB$3),$AB$4,NA()),NA()) | AJ39: =IF(ISNUMBER($AO$17),IF(AND($AO$17>=AB39,$AO$17<AB39+$AB$3),$AB$4,NA()),NA()) | AM39: R USL | AN39: =IF($B$2="","",IFERROR(INDEX(R_BODY,$B$2,MATCH($AM39,R_HDR,0))&"","")) | AO39: =IF(AN39="","",IFERROR(VALUE(AN39),AN39))
A40: 29 | B40: =IF(A40<=$B$4,$B$3+A40-1,"") | C40: =IF(B40="","",INDEX(D_LOT,B40)&"") | D40: =IF(B40="","",INDEX(D_SEQ,B40)) | E40: =IF(B40="","",IFERROR(VALUE(INDEX(D_VAL,B40)&""),"")) | F40: =IF(B40="","",F39+(C40<>C39)) | G40: =IF(B40="","",F40&"|"&D40) | AB40: =$AB$2+(34-1)*$AB$3 | AC40: =AB40+$AB$3/2 | AD40: =TEXT(AC40,IF($AB$3<0.1,"0.00",IF($AB$3<1,"0.0","0"))) | AE40: =IF($B$4=0,0,COUNTIFS('계산'!$E$12:$E$761,">="&AB40,'계산'!$E$12:$E$761,"<"&AB40+$AB$3)) | AF40: =IF(AND(ISNUMBER($AO$20),ISNUMBER($AO$18)),$AO$18*$AB$3*NORMDIST(AC40,$AO$19,$AO$20,FALSE),NA()) | AG40: =IF(AND(ISNUMBER($AO$21),ISNUMBER($AO$18)),$AO$18*$AB$3*NORMDIST(AC40,$AO$19,$AO$21,FALSE),NA()) | AH40: =IF(ISNUMBER($AO$15),IF(AND($AO$15>=AB40,$AO$15<AB40+$AB$3),$AB$4,NA()),NA()) | AI40: =IF(ISNUMBER($AO$16),IF(AND($AO$16>=AB40,$AO$16<AB40+$AB$3),$AB$4,NA()),NA()) | AJ40: =IF(ISNUMBER($AO$17),IF(AND($AO$17>=AB40,$AO$17<AB40+$AB$3),$AB$4,NA()),NA()) | AM40: Xbar 이탈수 | AN40: =IF($B$2="","",IFERROR(INDEX(R_BODY,$B$2,MATCH($AM40,R_HDR,0))&"","")) | AO40: =IF(AN40="","",IFERROR(VALUE(AN40),AN40))
A41: 30 | B41: =IF(A41<=$B$4,$B$3+A41-1,"") | C41: =IF(B41="","",INDEX(D_LOT,B41)&"") | D41: =IF(B41="","",INDEX(D_SEQ,B41)) | E41: =IF(B41="","",IFERROR(VALUE(INDEX(D_VAL,B41)&""),"")) | F41: =IF(B41="","",F40+(C41<>C40)) | G41: =IF(B41="","",F41&"|"&D41) | AB41: =$AB$2+(35-1)*$AB$3 | AC41: =AB41+$AB$3/2 | AD41: =TEXT(AC41,IF($AB$3<0.1,"0.00",IF($AB$3<1,"0.0","0"))) | AE41: =IF($B$4=0,0,COUNTIFS('계산'!$E$12:$E$761,">="&AB41,'계산'!$E$12:$E$761,"<"&AB41+$AB$3)) | AF41: =IF(AND(ISNUMBER($AO$20),ISNUMBER($AO$18)),$AO$18*$AB$3*NORMDIST(AC41,$AO$19,$AO$20,FALSE),NA()) | AG41: =IF(AND(ISNUMBER($AO$21),ISNUMBER($AO$18)),$AO$18*$AB$3*NORMDIST(AC41,$AO$19,$AO$21,FALSE),NA()) | AH41: =IF(ISNUMBER($AO$15),IF(AND($AO$15>=AB41,$AO$15<AB41+$AB$3),$AB$4,NA()),NA()) | AI41: =IF(ISNUMBER($AO$16),IF(AND($AO$16>=AB41,$AO$16<AB41+$AB$3),$AB$4,NA()),NA()) | AJ41: =IF(ISNUMBER($AO$17),IF(AND($AO$17>=AB41,$AO$17<AB41+$AB$3),$AB$4,NA()),NA()) | AM41: R 이탈수 | AN41: =IF($B$2="","",IFERROR(INDEX(R_BODY,$B$2,MATCH($AM41,R_HDR,0))&"","")) | AO41: =IF(AN41="","",IFERROR(VALUE(AN41),AN41))
A42: 31 | B42: =IF(A42<=$B$4,$B$3+A42-1,"") | C42: =IF(B42="","",INDEX(D_LOT,B42)&"") | D42: =IF(B42="","",INDEX(D_SEQ,B42)) | E42: =IF(B42="","",IFERROR(VALUE(INDEX(D_VAL,B42)&""),"")) | F42: =IF(B42="","",F41+(C42<>C41)) | G42: =IF(B42="","",F42&"|"&D42) | AB42: =$AB$2+(36-1)*$AB$3 | AC42: =AB42+$AB$3/2 | AD42: =TEXT(AC42,IF($AB$3<0.1,"0.00",IF($AB$3<1,"0.0","0"))) | AE42: =IF($B$4=0,0,COUNTIFS('계산'!$E$12:$E$761,">="&AB42,'계산'!$E$12:$E$761,"<"&AB42+$AB$3)) | AF42: =IF(AND(ISNUMBER($AO$20),ISNUMBER($AO$18)),$AO$18*$AB$3*NORMDIST(AC42,$AO$19,$AO$20,FALSE),NA()) | AG42: =IF(AND(ISNUMBER($AO$21),ISNUMBER($AO$18)),$AO$18*$AB$3*NORMDIST(AC42,$AO$19,$AO$21,FALSE),NA()) | AH42: =IF(ISNUMBER($AO$15),IF(AND($AO$15>=AB42,$AO$15<AB42+$AB$3),$AB$4,NA()),NA()) | AI42: =IF(ISNUMBER($AO$16),IF(AND($AO$16>=AB42,$AO$16<AB42+$AB$3),$AB$4,NA()),NA()) | AJ42: =IF(ISNUMBER($AO$17),IF(AND($AO$17>=AB42,$AO$17<AB42+$AB$3),$AB$4,NA()),NA())
A43: 32 | B43: =IF(A43<=$B$4,$B$3+A43-1,"") | C43: =IF(B43="","",INDEX(D_LOT,B43)&"") | D43: =IF(B43="","",INDEX(D_SEQ,B43)) | E43: =IF(B43="","",IFERROR(VALUE(INDEX(D_VAL,B43)&""),"")) | F43: =IF(B43="","",F42+(C43<>C42)) | G43: =IF(B43="","",F43&"|"&D43) | AB43: =$AB$2+(37-1)*$AB$3 | AC43: =AB43+$AB$3/2 | AD43: =TEXT(AC43,IF($AB$3<0.1,"0.00",IF($AB$3<1,"0.0","0"))) | AE43: =IF($B$4=0,0,COUNTIFS('계산'!$E$12:$E$761,">="&AB43,'계산'!$E$12:$E$761,"<"&AB43+$AB$3)) | AF43: =IF(AND(ISNUMBER($AO$20),ISNUMBER($AO$18)),$AO$18*$AB$3*NORMDIST(AC43,$AO$19,$AO$20,FALSE),NA()) | AG43: =IF(AND(ISNUMBER($AO$21),ISNUMBER($AO$18)),$AO$18*$AB$3*NORMDIST(AC43,$AO$19,$AO$21,FALSE),NA()) | AH43: =IF(ISNUMBER($AO$15),IF(AND($AO$15>=AB43,$AO$15<AB43+$AB$3),$AB$4,NA()),NA()) | AI43: =IF(ISNUMBER($AO$16),IF(AND($AO$16>=AB43,$AO$16<AB43+$AB$3),$AB$4,NA()),NA()) | AJ43: =IF(ISNUMBER($AO$17),IF(AND($AO$17>=AB43,$AO$17<AB43+$AB$3),$AB$4,NA()),NA())
A44: 33 | B44: =IF(A44<=$B$4,$B$3+A44-1,"") | C44: =IF(B44="","",INDEX(D_LOT,B44)&"") | D44: =IF(B44="","",INDEX(D_SEQ,B44)) | E44: =IF(B44="","",IFERROR(VALUE(INDEX(D_VAL,B44)&""),"")) | F44: =IF(B44="","",F43+(C44<>C43)) | G44: =IF(B44="","",F44&"|"&D44) | AB44: =$AB$2+(38-1)*$AB$3 | AC44: =AB44+$AB$3/2 | AD44: =TEXT(AC44,IF($AB$3<0.1,"0.00",IF($AB$3<1,"0.0","0"))) | AE44: =IF($B$4=0,0,COUNTIFS('계산'!$E$12:$E$761,">="&AB44,'계산'!$E$12:$E$761,"<"&AB44+$AB$3)) | AF44: =IF(AND(ISNUMBER($AO$20),ISNUMBER($AO$18)),$AO$18*$AB$3*NORMDIST(AC44,$AO$19,$AO$20,FALSE),NA()) | AG44: =IF(AND(ISNUMBER($AO$21),ISNUMBER($AO$18)),$AO$18*$AB$3*NORMDIST(AC44,$AO$19,$AO$21,FALSE),NA()) | AH44: =IF(ISNUMBER($AO$15),IF(AND($AO$15>=AB44,$AO$15<AB44+$AB$3),$AB$4,NA()),NA()) | AI44: =IF(ISNUMBER($AO$16),IF(AND($AO$16>=AB44,$AO$16<AB44+$AB$3),$AB$4,NA()),NA()) | AJ44: =IF(ISNUMBER($AO$17),IF(AND($AO$17>=AB44,$AO$17<AB44+$AB$3),$AB$4,NA()),NA())
A45: 34 | B45: =IF(A45<=$B$4,$B$3+A45-1,"") | C45: =IF(B45="","",INDEX(D_LOT,B45)&"") | D45: =IF(B45="","",INDEX(D_SEQ,B45)) | E45: =IF(B45="","",IFERROR(VALUE(INDEX(D_VAL,B45)&""),"")) | F45: =IF(B45="","",F44+(C45<>C44)) | G45: =IF(B45="","",F45&"|"&D45) | AB45: =$AB$2+(39-1)*$AB$3 | AC45: =AB45+$AB$3/2 | AD45: =TEXT(AC45,IF($AB$3<0.1,"0.00",IF($AB$3<1,"0.0","0"))) | AE45: =IF($B$4=0,0,COUNTIFS('계산'!$E$12:$E$761,">="&AB45,'계산'!$E$12:$E$761,"<"&AB45+$AB$3)) | AF45: =IF(AND(ISNUMBER($AO$20),ISNUMBER($AO$18)),$AO$18*$AB$3*NORMDIST(AC45,$AO$19,$AO$20,FALSE),NA()) | AG45: =IF(AND(ISNUMBER($AO$21),ISNUMBER($AO$18)),$AO$18*$AB$3*NORMDIST(AC45,$AO$19,$AO$21,FALSE),NA()) | AH45: =IF(ISNUMBER($AO$15),IF(AND($AO$15>=AB45,$AO$15<AB45+$AB$3),$AB$4,NA()),NA()) | AI45: =IF(ISNUMBER($AO$16),IF(AND($AO$16>=AB45,$AO$16<AB45+$AB$3),$AB$4,NA()),NA()) | AJ45: =IF(ISNUMBER($AO$17),IF(AND($AO$17>=AB45,$AO$17<AB45+$AB$3),$AB$4,NA()),NA())
A46: 35 | B46: =IF(A46<=$B$4,$B$3+A46-1,"") | C46: =IF(B46="","",INDEX(D_LOT,B46)&"") | D46: =IF(B46="","",INDEX(D_SEQ,B46)) | E46: =IF(B46="","",IFERROR(VALUE(INDEX(D_VAL,B46)&""),"")) | F46: =IF(B46="","",F45+(C46<>C45)) | G46: =IF(B46="","",F46&"|"&D46) | AB46: =$AB$2+(40-1)*$AB$3 | AC46: =AB46+$AB$3/2 | AD46: =TEXT(AC46,IF($AB$3<0.1,"0.00",IF($AB$3<1,"0.0","0"))) | AE46: =IF($B$4=0,0,COUNTIFS('계산'!$E$12:$E$761,">="&AB46,'계산'!$E$12:$E$761,"<"&AB46+$AB$3)) | AF46: =IF(AND(ISNUMBER($AO$20),ISNUMBER($AO$18)),$AO$18*$AB$3*NORMDIST(AC46,$AO$19,$AO$20,FALSE),NA()) | AG46: =IF(AND(ISNUMBER($AO$21),ISNUMBER($AO$18)),$AO$18*$AB$3*NORMDIST(AC46,$AO$19,$AO$21,FALSE),NA()) | AH46: =IF(ISNUMBER($AO$15),IF(AND($AO$15>=AB46,$AO$15<AB46+$AB$3),$AB$4,NA()),NA()) | AI46: =IF(ISNUMBER($AO$16),IF(AND($AO$16>=AB46,$AO$16<AB46+$AB$3),$AB$4,NA()),NA()) | AJ46: =IF(ISNUMBER($AO$17),IF(AND($AO$17>=AB46,$AO$17<AB46+$AB$3),$AB$4,NA()),NA())
A47: 36 | B47: =IF(A47<=$B$4,$B$3+A47-1,"") | C47: =IF(B47="","",INDEX(D_LOT,B47)&"") | D47: =IF(B47="","",INDEX(D_SEQ,B47)) | E47: =IF(B47="","",IFERROR(VALUE(INDEX(D_VAL,B47)&""),"")) | F47: =IF(B47="","",F46+(C47<>C46)) | G47: =IF(B47="","",F47&"|"&D47) | AB47: =$AB$2+(41-1)*$AB$3 | AC47: =AB47+$AB$3/2 | AD47: =TEXT(AC47,IF($AB$3<0.1,"0.00",IF($AB$3<1,"0.0","0"))) | AE47: =IF($B$4=0,0,COUNTIFS('계산'!$E$12:$E$761,">="&AB47,'계산'!$E$12:$E$761,"<"&AB47+$AB$3)) | AF47: =IF(AND(ISNUMBER($AO$20),ISNUMBER($AO$18)),$AO$18*$AB$3*NORMDIST(AC47,$AO$19,$AO$20,FALSE),NA()) | AG47: =IF(AND(ISNUMBER($AO$21),ISNUMBER($AO$18)),$AO$18*$AB$3*NORMDIST(AC47,$AO$19,$AO$21,FALSE),NA()) | AH47: =IF(ISNUMBER($AO$15),IF(AND($AO$15>=AB47,$AO$15<AB47+$AB$3),$AB$4,NA()),NA()) | AI47: =IF(ISNUMBER($AO$16),IF(AND($AO$16>=AB47,$AO$16<AB47+$AB$3),$AB$4,NA()),NA()) | AJ47: =IF(ISNUMBER($AO$17),IF(AND($AO$17>=AB47,$AO$17<AB47+$AB$3),$AB$4,NA()),NA())
A48: 37 | B48: =IF(A48<=$B$4,$B$3+A48-1,"") | C48: =IF(B48="","",INDEX(D_LOT,B48)&"") | D48: =IF(B48="","",INDEX(D_SEQ,B48)) | E48: =IF(B48="","",IFERROR(VALUE(INDEX(D_VAL,B48)&""),"")) | F48: =IF(B48="","",F47+(C48<>C47)) | G48: =IF(B48="","",F48&"|"&D48) | AB48: =$AB$2+(42-1)*$AB$3 | AC48: =AB48+$AB$3/2 | AD48: =TEXT(AC48,IF($AB$3<0.1,"0.00",IF($AB$3<1,"0.0","0"))) | AE48: =IF($B$4=0,0,COUNTIFS('계산'!$E$12:$E$761,">="&AB48,'계산'!$E$12:$E$761,"<"&AB48+$AB$3)) | AF48: =IF(AND(ISNUMBER($AO$20),ISNUMBER($AO$18)),$AO$18*$AB$3*NORMDIST(AC48,$AO$19,$AO$20,FALSE),NA()) | AG48: =IF(AND(ISNUMBER($AO$21),ISNUMBER($AO$18)),$AO$18*$AB$3*NORMDIST(AC48,$AO$19,$AO$21,FALSE),NA()) | AH48: =IF(ISNUMBER($AO$15),IF(AND($AO$15>=AB48,$AO$15<AB48+$AB$3),$AB$4,NA()),NA()) | AI48: =IF(ISNUMBER($AO$16),IF(AND($AO$16>=AB48,$AO$16<AB48+$AB$3),$AB$4,NA()),NA()) | AJ48: =IF(ISNUMBER($AO$17),IF(AND($AO$17>=AB48,$AO$17<AB48+$AB$3),$AB$4,NA()),NA())
A49: 38 | B49: =IF(A49<=$B$4,$B$3+A49-1,"") | C49: =IF(B49="","",INDEX(D_LOT,B49)&"") | D49: =IF(B49="","",INDEX(D_SEQ,B49)) | E49: =IF(B49="","",IFERROR(VALUE(INDEX(D_VAL,B49)&""),"")) | F49: =IF(B49="","",F48+(C49<>C48)) | G49: =IF(B49="","",F49&"|"&D49) | AB49: =$AB$2+(43-1)*$AB$3 | AC49: =AB49+$AB$3/2 | AD49: =TEXT(AC49,IF($AB$3<0.1,"0.00",IF($AB$3<1,"0.0","0"))) | AE49: =IF($B$4=0,0,COUNTIFS('계산'!$E$12:$E$761,">="&AB49,'계산'!$E$12:$E$761,"<"&AB49+$AB$3)) | AF49: =IF(AND(ISNUMBER($AO$20),ISNUMBER($AO$18)),$AO$18*$AB$3*NORMDIST(AC49,$AO$19,$AO$20,FALSE),NA()) | AG49: =IF(AND(ISNUMBER($AO$21),ISNUMBER($AO$18)),$AO$18*$AB$3*NORMDIST(AC49,$AO$19,$AO$21,FALSE),NA()) | AH49: =IF(ISNUMBER($AO$15),IF(AND($AO$15>=AB49,$AO$15<AB49+$AB$3),$AB$4,NA()),NA()) | AI49: =IF(ISNUMBER($AO$16),IF(AND($AO$16>=AB49,$AO$16<AB49+$AB$3),$AB$4,NA()),NA()) | AJ49: =IF(ISNUMBER($AO$17),IF(AND($AO$17>=AB49,$AO$17<AB49+$AB$3),$AB$4,NA()),NA())
A50: 39 | B50: =IF(A50<=$B$4,$B$3+A50-1,"") | C50: =IF(B50="","",INDEX(D_LOT,B50)&"") | D50: =IF(B50="","",INDEX(D_SEQ,B50)) | E50: =IF(B50="","",IFERROR(VALUE(INDEX(D_VAL,B50)&""),"")) | F50: =IF(B50="","",F49+(C50<>C49)) | G50: =IF(B50="","",F50&"|"&D50) | AB50: =$AB$2+(44-1)*$AB$3 | AC50: =AB50+$AB$3/2 | AD50: =TEXT(AC50,IF($AB$3<0.1,"0.00",IF($AB$3<1,"0.0","0"))) | AE50: =IF($B$4=0,0,COUNTIFS('계산'!$E$12:$E$761,">="&AB50,'계산'!$E$12:$E$761,"<"&AB50+$AB$3)) | AF50: =IF(AND(ISNUMBER($AO$20),ISNUMBER($AO$18)),$AO$18*$AB$3*NORMDIST(AC50,$AO$19,$AO$20,FALSE),NA()) | AG50: =IF(AND(ISNUMBER($AO$21),ISNUMBER($AO$18)),$AO$18*$AB$3*NORMDIST(AC50,$AO$19,$AO$21,FALSE),NA()) | AH50: =IF(ISNUMBER($AO$15),IF(AND($AO$15>=AB50,$AO$15<AB50+$AB$3),$AB$4,NA()),NA()) | AI50: =IF(ISNUMBER($AO$16),IF(AND($AO$16>=AB50,$AO$16<AB50+$AB$3),$AB$4,NA()),NA()) | AJ50: =IF(ISNUMBER($AO$17),IF(AND($AO$17>=AB50,$AO$17<AB50+$AB$3),$AB$4,NA()),NA())
A51: 40 | B51: =IF(A51<=$B$4,$B$3+A51-1,"") | C51: =IF(B51="","",INDEX(D_LOT,B51)&"") | D51: =IF(B51="","",INDEX(D_SEQ,B51)) | E51: =IF(B51="","",IFERROR(VALUE(INDEX(D_VAL,B51)&""),"")) | F51: =IF(B51="","",F50+(C51<>C50)) | G51: =IF(B51="","",F51&"|"&D51) | AB51: =$AB$2+(45-1)*$AB$3 | AC51: =AB51+$AB$3/2 | AD51: =TEXT(AC51,IF($AB$3<0.1,"0.00",IF($AB$3<1,"0.0","0"))) | AE51: =IF($B$4=0,0,COUNTIFS('계산'!$E$12:$E$761,">="&AB51,'계산'!$E$12:$E$761,"<"&AB51+$AB$3)) | AF51: =IF(AND(ISNUMBER($AO$20),ISNUMBER($AO$18)),$AO$18*$AB$3*NORMDIST(AC51,$AO$19,$AO$20,FALSE),NA()) | AG51: =IF(AND(ISNUMBER($AO$21),ISNUMBER($AO$18)),$AO$18*$AB$3*NORMDIST(AC51,$AO$19,$AO$21,FALSE),NA()) | AH51: =IF(ISNUMBER($AO$15),IF(AND($AO$15>=AB51,$AO$15<AB51+$AB$3),$AB$4,NA()),NA()) | AI51: =IF(ISNUMBER($AO$16),IF(AND($AO$16>=AB51,$AO$16<AB51+$AB$3),$AB$4,NA()),NA()) | AJ51: =IF(ISNUMBER($AO$17),IF(AND($AO$17>=AB51,$AO$17<AB51+$AB$3),$AB$4,NA()),NA())
A52: 41 | B52: =IF(A52<=$B$4,$B$3+A52-1,"") | C52: =IF(B52="","",INDEX(D_LOT,B52)&"") | D52: =IF(B52="","",INDEX(D_SEQ,B52)) | E52: =IF(B52="","",IFERROR(VALUE(INDEX(D_VAL,B52)&""),"")) | F52: =IF(B52="","",F51+(C52<>C51)) | G52: =IF(B52="","",F52&"|"&D52) | AB52: =$AB$2+(46-1)*$AB$3 | AC52: =AB52+$AB$3/2 | AD52: =TEXT(AC52,IF($AB$3<0.1,"0.00",IF($AB$3<1,"0.0","0"))) | AE52: =IF($B$4=0,0,COUNTIFS('계산'!$E$12:$E$761,">="&AB52,'계산'!$E$12:$E$761,"<"&AB52+$AB$3)) | AF52: =IF(AND(ISNUMBER($AO$20),ISNUMBER($AO$18)),$AO$18*$AB$3*NORMDIST(AC52,$AO$19,$AO$20,FALSE),NA()) | AG52: =IF(AND(ISNUMBER($AO$21),ISNUMBER($AO$18)),$AO$18*$AB$3*NORMDIST(AC52,$AO$19,$AO$21,FALSE),NA()) | AH52: =IF(ISNUMBER($AO$15),IF(AND($AO$15>=AB52,$AO$15<AB52+$AB$3),$AB$4,NA()),NA()) | AI52: =IF(ISNUMBER($AO$16),IF(AND($AO$16>=AB52,$AO$16<AB52+$AB$3),$AB$4,NA()),NA()) | AJ52: =IF(ISNUMBER($AO$17),IF(AND($AO$17>=AB52,$AO$17<AB52+$AB$3),$AB$4,NA()),NA())
A53: 42 | B53: =IF(A53<=$B$4,$B$3+A53-1,"") | C53: =IF(B53="","",INDEX(D_LOT,B53)&"") | D53: =IF(B53="","",INDEX(D_SEQ,B53)) | E53: =IF(B53="","",IFERROR(VALUE(INDEX(D_VAL,B53)&""),"")) | F53: =IF(B53="","",F52+(C53<>C52)) | G53: =IF(B53="","",F53&"|"&D53) | AB53: =$AB$2+(47-1)*$AB$3 | AC53: =AB53+$AB$3/2 | AD53: =TEXT(AC53,IF($AB$3<0.1,"0.00",IF($AB$3<1,"0.0","0"))) | AE53: =IF($B$4=0,0,COUNTIFS('계산'!$E$12:$E$761,">="&AB53,'계산'!$E$12:$E$761,"<"&AB53+$AB$3)) | AF53: =IF(AND(ISNUMBER($AO$20),ISNUMBER($AO$18)),$AO$18*$AB$3*NORMDIST(AC53,$AO$19,$AO$20,FALSE),NA()) | AG53: =IF(AND(ISNUMBER($AO$21),ISNUMBER($AO$18)),$AO$18*$AB$3*NORMDIST(AC53,$AO$19,$AO$21,FALSE),NA()) | AH53: =IF(ISNUMBER($AO$15),IF(AND($AO$15>=AB53,$AO$15<AB53+$AB$3),$AB$4,NA()),NA()) | AI53: =IF(ISNUMBER($AO$16),IF(AND($AO$16>=AB53,$AO$16<AB53+$AB$3),$AB$4,NA()),NA()) | AJ53: =IF(ISNUMBER($AO$17),IF(AND($AO$17>=AB53,$AO$17<AB53+$AB$3),$AB$4,NA()),NA())
A54: 43 | B54: =IF(A54<=$B$4,$B$3+A54-1,"") | C54: =IF(B54="","",INDEX(D_LOT,B54)&"") | D54: =IF(B54="","",INDEX(D_SEQ,B54)) | E54: =IF(B54="","",IFERROR(VALUE(INDEX(D_VAL,B54)&""),"")) | F54: =IF(B54="","",F53+(C54<>C53)) | G54: =IF(B54="","",F54&"|"&D54) | AB54: =$AB$2+(48-1)*$AB$3 | AC54: =AB54+$AB$3/2 | AD54: =TEXT(AC54,IF($AB$3<0.1,"0.00",IF($AB$3<1,"0.0","0"))) | AE54: =IF($B$4=0,0,COUNTIFS('계산'!$E$12:$E$761,">="&AB54,'계산'!$E$12:$E$761,"<"&AB54+$AB$3)) | AF54: =IF(AND(ISNUMBER($AO$20),ISNUMBER($AO$18)),$AO$18*$AB$3*NORMDIST(AC54,$AO$19,$AO$20,FALSE),NA()) | AG54: =IF(AND(ISNUMBER($AO$21),ISNUMBER($AO$18)),$AO$18*$AB$3*NORMDIST(AC54,$AO$19,$AO$21,FALSE),NA()) | AH54: =IF(ISNUMBER($AO$15),IF(AND($AO$15>=AB54,$AO$15<AB54+$AB$3),$AB$4,NA()),NA()) | AI54: =IF(ISNUMBER($AO$16),IF(AND($AO$16>=AB54,$AO$16<AB54+$AB$3),$AB$4,NA()),NA()) | AJ54: =IF(ISNUMBER($AO$17),IF(AND($AO$17>=AB54,$AO$17<AB54+$AB$3),$AB$4,NA()),NA())
A55: 44 | B55: =IF(A55<=$B$4,$B$3+A55-1,"") | C55: =IF(B55="","",INDEX(D_LOT,B55)&"") | D55: =IF(B55="","",INDEX(D_SEQ,B55)) | E55: =IF(B55="","",IFERROR(VALUE(INDEX(D_VAL,B55)&""),"")) | F55: =IF(B55="","",F54+(C55<>C54)) | G55: =IF(B55="","",F55&"|"&D55) | AB55: =$AB$2+(49-1)*$AB$3 | AC55: =AB55+$AB$3/2 | AD55: =TEXT(AC55,IF($AB$3<0.1,"0.00",IF($AB$3<1,"0.0","0"))) | AE55: =IF($B$4=0,0,COUNTIFS('계산'!$E$12:$E$761,">="&AB55,'계산'!$E$12:$E$761,"<"&AB55+$AB$3)) | AF55: =IF(AND(ISNUMBER($AO$20),ISNUMBER($AO$18)),$AO$18*$AB$3*NORMDIST(AC55,$AO$19,$AO$20,FALSE),NA()) | AG55: =IF(AND(ISNUMBER($AO$21),ISNUMBER($AO$18)),$AO$18*$AB$3*NORMDIST(AC55,$AO$19,$AO$21,FALSE),NA()) | AH55: =IF(ISNUMBER($AO$15),IF(AND($AO$15>=AB55,$AO$15<AB55+$AB$3),$AB$4,NA()),NA()) | AI55: =IF(ISNUMBER($AO$16),IF(AND($AO$16>=AB55,$AO$16<AB55+$AB$3),$AB$4,NA()),NA()) | AJ55: =IF(ISNUMBER($AO$17),IF(AND($AO$17>=AB55,$AO$17<AB55+$AB$3),$AB$4,NA()),NA())
A56: 45 | B56: =IF(A56<=$B$4,$B$3+A56-1,"") | C56: =IF(B56="","",INDEX(D_LOT,B56)&"") | D56: =IF(B56="","",INDEX(D_SEQ,B56)) | E56: =IF(B56="","",IFERROR(VALUE(INDEX(D_VAL,B56)&""),"")) | F56: =IF(B56="","",F55+(C56<>C55)) | G56: =IF(B56="","",F56&"|"&D56) | AB56: =$AB$2+(50-1)*$AB$3 | AC56: =AB56+$AB$3/2 | AD56: =TEXT(AC56,IF($AB$3<0.1,"0.00",IF($AB$3<1,"0.0","0"))) | AE56: =IF($B$4=0,0,COUNTIFS('계산'!$E$12:$E$761,">="&AB56,'계산'!$E$12:$E$761,"<"&AB56+$AB$3)) | AF56: =IF(AND(ISNUMBER($AO$20),ISNUMBER($AO$18)),$AO$18*$AB$3*NORMDIST(AC56,$AO$19,$AO$20,FALSE),NA()) | AG56: =IF(AND(ISNUMBER($AO$21),ISNUMBER($AO$18)),$AO$18*$AB$3*NORMDIST(AC56,$AO$19,$AO$21,FALSE),NA()) | AH56: =IF(ISNUMBER($AO$15),IF(AND($AO$15>=AB56,$AO$15<AB56+$AB$3),$AB$4,NA()),NA()) | AI56: =IF(ISNUMBER($AO$16),IF(AND($AO$16>=AB56,$AO$16<AB56+$AB$3),$AB$4,NA()),NA()) | AJ56: =IF(ISNUMBER($AO$17),IF(AND($AO$17>=AB56,$AO$17<AB56+$AB$3),$AB$4,NA()),NA())
A57: 46 | B57: =IF(A57<=$B$4,$B$3+A57-1,"") | C57: =IF(B57="","",INDEX(D_LOT,B57)&"") | D57: =IF(B57="","",INDEX(D_SEQ,B57)) | E57: =IF(B57="","",IFERROR(VALUE(INDEX(D_VAL,B57)&""),"")) | F57: =IF(B57="","",F56+(C57<>C56)) | G57: =IF(B57="","",F57&"|"&D57) | AB57: =$AB$2+(51-1)*$AB$3 | AC57: =AB57+$AB$3/2 | AD57: =TEXT(AC57,IF($AB$3<0.1,"0.00",IF($AB$3<1,"0.0","0"))) | AE57: =IF($B$4=0,0,COUNTIFS('계산'!$E$12:$E$761,">="&AB57,'계산'!$E$12:$E$761,"<"&AB57+$AB$3)) | AF57: =IF(AND(ISNUMBER($AO$20),ISNUMBER($AO$18)),$AO$18*$AB$3*NORMDIST(AC57,$AO$19,$AO$20,FALSE),NA()) | AG57: =IF(AND(ISNUMBER($AO$21),ISNUMBER($AO$18)),$AO$18*$AB$3*NORMDIST(AC57,$AO$19,$AO$21,FALSE),NA()) | AH57: =IF(ISNUMBER($AO$15),IF(AND($AO$15>=AB57,$AO$15<AB57+$AB$3),$AB$4,NA()),NA()) | AI57: =IF(ISNUMBER($AO$16),IF(AND($AO$16>=AB57,$AO$16<AB57+$AB$3),$AB$4,NA()),NA()) | AJ57: =IF(ISNUMBER($AO$17),IF(AND($AO$17>=AB57,$AO$17<AB57+$AB$3),$AB$4,NA()),NA())
A58: 47 | B58: =IF(A58<=$B$4,$B$3+A58-1,"") | C58: =IF(B58="","",INDEX(D_LOT,B58)&"") | D58: =IF(B58="","",INDEX(D_SEQ,B58)) | E58: =IF(B58="","",IFERROR(VALUE(INDEX(D_VAL,B58)&""),"")) | F58: =IF(B58="","",F57+(C58<>C57)) | G58: =IF(B58="","",F58&"|"&D58) | AB58: =$AB$2+(52-1)*$AB$3 | AC58: =AB58+$AB$3/2 | AD58: =TEXT(AC58,IF($AB$3<0.1,"0.00",IF($AB$3<1,"0.0","0"))) | AE58: =IF($B$4=0,0,COUNTIFS('계산'!$E$12:$E$761,">="&AB58,'계산'!$E$12:$E$761,"<"&AB58+$AB$3)) | AF58: =IF(AND(ISNUMBER($AO$20),ISNUMBER($AO$18)),$AO$18*$AB$3*NORMDIST(AC58,$AO$19,$AO$20,FALSE),NA()) | AG58: =IF(AND(ISNUMBER($AO$21),ISNUMBER($AO$18)),$AO$18*$AB$3*NORMDIST(AC58,$AO$19,$AO$21,FALSE),NA()) | AH58: =IF(ISNUMBER($AO$15),IF(AND($AO$15>=AB58,$AO$15<AB58+$AB$3),$AB$4,NA()),NA()) | AI58: =IF(ISNUMBER($AO$16),IF(AND($AO$16>=AB58,$AO$16<AB58+$AB$3),$AB$4,NA()),NA()) | AJ58: =IF(ISNUMBER($AO$17),IF(AND($AO$17>=AB58,$AO$17<AB58+$AB$3),$AB$4,NA()),NA())
A59: 48 | B59: =IF(A59<=$B$4,$B$3+A59-1,"") | C59: =IF(B59="","",INDEX(D_LOT,B59)&"") | D59: =IF(B59="","",INDEX(D_SEQ,B59)) | E59: =IF(B59="","",IFERROR(VALUE(INDEX(D_VAL,B59)&""),"")) | F59: =IF(B59="","",F58+(C59<>C58)) | G59: =IF(B59="","",F59&"|"&D59) | AB59: =$AB$2+(53-1)*$AB$3 | AC59: =AB59+$AB$3/2 | AD59: =TEXT(AC59,IF($AB$3<0.1,"0.00",IF($AB$3<1,"0.0","0"))) | AE59: =IF($B$4=0,0,COUNTIFS('계산'!$E$12:$E$761,">="&AB59,'계산'!$E$12:$E$761,"<"&AB59+$AB$3)) | AF59: =IF(AND(ISNUMBER($AO$20),ISNUMBER($AO$18)),$AO$18*$AB$3*NORMDIST(AC59,$AO$19,$AO$20,FALSE),NA()) | AG59: =IF(AND(ISNUMBER($AO$21),ISNUMBER($AO$18)),$AO$18*$AB$3*NORMDIST(AC59,$AO$19,$AO$21,FALSE),NA()) | AH59: =IF(ISNUMBER($AO$15),IF(AND($AO$15>=AB59,$AO$15<AB59+$AB$3),$AB$4,NA()),NA()) | AI59: =IF(ISNUMBER($AO$16),IF(AND($AO$16>=AB59,$AO$16<AB59+$AB$3),$AB$4,NA()),NA()) | AJ59: =IF(ISNUMBER($AO$17),IF(AND($AO$17>=AB59,$AO$17<AB59+$AB$3),$AB$4,NA()),NA())
A60: 49 | B60: =IF(A60<=$B$4,$B$3+A60-1,"") | C60: =IF(B60="","",INDEX(D_LOT,B60)&"") | D60: =IF(B60="","",INDEX(D_SEQ,B60)) | E60: =IF(B60="","",IFERROR(VALUE(INDEX(D_VAL,B60)&""),"")) | F60: =IF(B60="","",F59+(C60<>C59)) | G60: =IF(B60="","",F60&"|"&D60) | AB60: =$AB$2+(54-1)*$AB$3 | AC60: =AB60+$AB$3/2 | AD60: =TEXT(AC60,IF($AB$3<0.1,"0.00",IF($AB$3<1,"0.0","0"))) | AE60: =IF($B$4=0,0,COUNTIFS('계산'!$E$12:$E$761,">="&AB60,'계산'!$E$12:$E$761,"<"&AB60+$AB$3)) | AF60: =IF(AND(ISNUMBER($AO$20),ISNUMBER($AO$18)),$AO$18*$AB$3*NORMDIST(AC60,$AO$19,$AO$20,FALSE),NA()) | AG60: =IF(AND(ISNUMBER($AO$21),ISNUMBER($AO$18)),$AO$18*$AB$3*NORMDIST(AC60,$AO$19,$AO$21,FALSE),NA()) | AH60: =IF(ISNUMBER($AO$15),IF(AND($AO$15>=AB60,$AO$15<AB60+$AB$3),$AB$4,NA()),NA()) | AI60: =IF(ISNUMBER($AO$16),IF(AND($AO$16>=AB60,$AO$16<AB60+$AB$3),$AB$4,NA()),NA()) | AJ60: =IF(ISNUMBER($AO$17),IF(AND($AO$17>=AB60,$AO$17<AB60+$AB$3),$AB$4,NA()),NA())
A61: 50 | B61: =IF(A61<=$B$4,$B$3+A61-1,"") | C61: =IF(B61="","",INDEX(D_LOT,B61)&"") | D61: =IF(B61="","",INDEX(D_SEQ,B61)) | E61: =IF(B61="","",IFERROR(VALUE(INDEX(D_VAL,B61)&""),"")) | F61: =IF(B61="","",F60+(C61<>C60)) | G61: =IF(B61="","",F61&"|"&D61) | AB61: =$AB$2+(55-1)*$AB$3 | AC61: =AB61+$AB$3/2 | AD61: =TEXT(AC61,IF($AB$3<0.1,"0.00",IF($AB$3<1,"0.0","0"))) | AE61: =IF($B$4=0,0,COUNTIFS('계산'!$E$12:$E$761,">="&AB61,'계산'!$E$12:$E$761,"<"&AB61+$AB$3)) | AF61: =IF(AND(ISNUMBER($AO$20),ISNUMBER($AO$18)),$AO$18*$AB$3*NORMDIST(AC61,$AO$19,$AO$20,FALSE),NA()) | AG61: =IF(AND(ISNUMBER($AO$21),ISNUMBER($AO$18)),$AO$18*$AB$3*NORMDIST(AC61,$AO$19,$AO$21,FALSE),NA()) | AH61: =IF(ISNUMBER($AO$15),IF(AND($AO$15>=AB61,$AO$15<AB61+$AB$3),$AB$4,NA()),NA()) | AI61: =IF(ISNUMBER($AO$16),IF(AND($AO$16>=AB61,$AO$16<AB61+$AB$3),$AB$4,NA()),NA()) | AJ61: =IF(ISNUMBER($AO$17),IF(AND($AO$17>=AB61,$AO$17<AB61+$AB$3),$AB$4,NA()),NA())
A62: 51 | B62: =IF(A62<=$B$4,$B$3+A62-1,"") | C62: =IF(B62="","",INDEX(D_LOT,B62)&"") | D62: =IF(B62="","",INDEX(D_SEQ,B62)) | E62: =IF(B62="","",IFERROR(VALUE(INDEX(D_VAL,B62)&""),"")) | F62: =IF(B62="","",F61+(C62<>C61)) | G62: =IF(B62="","",F62&"|"&D62) | AB62: =$AB$2+(56-1)*$AB$3 | AC62: =AB62+$AB$3/2 | AD62: =TEXT(AC62,IF($AB$3<0.1,"0.00",IF($AB$3<1,"0.0","0"))) | AE62: =IF($B$4=0,0,COUNTIFS('계산'!$E$12:$E$761,">="&AB62,'계산'!$E$12:$E$761,"<"&AB62+$AB$3)) | AF62: =IF(AND(ISNUMBER($AO$20),ISNUMBER($AO$18)),$AO$18*$AB$3*NORMDIST(AC62,$AO$19,$AO$20,FALSE),NA()) | AG62: =IF(AND(ISNUMBER($AO$21),ISNUMBER($AO$18)),$AO$18*$AB$3*NORMDIST(AC62,$AO$19,$AO$21,FALSE),NA()) | AH62: =IF(ISNUMBER($AO$15),IF(AND($AO$15>=AB62,$AO$15<AB62+$AB$3),$AB$4,NA()),NA()) | AI62: =IF(ISNUMBER($AO$16),IF(AND($AO$16>=AB62,$AO$16<AB62+$AB$3),$AB$4,NA()),NA()) | AJ62: =IF(ISNUMBER($AO$17),IF(AND($AO$17>=AB62,$AO$17<AB62+$AB$3),$AB$4,NA()),NA())
A63: 52 | B63: =IF(A63<=$B$4,$B$3+A63-1,"") | C63: =IF(B63="","",INDEX(D_LOT,B63)&"") | D63: =IF(B63="","",INDEX(D_SEQ,B63)) | E63: =IF(B63="","",IFERROR(VALUE(INDEX(D_VAL,B63)&""),"")) | F63: =IF(B63="","",F62+(C63<>C62)) | G63: =IF(B63="","",F63&"|"&D63) | AB63: =$AB$2+(57-1)*$AB$3 | AC63: =AB63+$AB$3/2 | AD63: =TEXT(AC63,IF($AB$3<0.1,"0.00",IF($AB$3<1,"0.0","0"))) | AE63: =IF($B$4=0,0,COUNTIFS('계산'!$E$12:$E$761,">="&AB63,'계산'!$E$12:$E$761,"<"&AB63+$AB$3)) | AF63: =IF(AND(ISNUMBER($AO$20),ISNUMBER($AO$18)),$AO$18*$AB$3*NORMDIST(AC63,$AO$19,$AO$20,FALSE),NA()) | AG63: =IF(AND(ISNUMBER($AO$21),ISNUMBER($AO$18)),$AO$18*$AB$3*NORMDIST(AC63,$AO$19,$AO$21,FALSE),NA()) | AH63: =IF(ISNUMBER($AO$15),IF(AND($AO$15>=AB63,$AO$15<AB63+$AB$3),$AB$4,NA()),NA()) | AI63: =IF(ISNUMBER($AO$16),IF(AND($AO$16>=AB63,$AO$16<AB63+$AB$3),$AB$4,NA()),NA()) | AJ63: =IF(ISNUMBER($AO$17),IF(AND($AO$17>=AB63,$AO$17<AB63+$AB$3),$AB$4,NA()),NA())
A64: 53 | B64: =IF(A64<=$B$4,$B$3+A64-1,"") | C64: =IF(B64="","",INDEX(D_LOT,B64)&"") | D64: =IF(B64="","",INDEX(D_SEQ,B64)) | E64: =IF(B64="","",IFERROR(VALUE(INDEX(D_VAL,B64)&""),"")) | F64: =IF(B64="","",F63+(C64<>C63)) | G64: =IF(B64="","",F64&"|"&D64) | AB64: =$AB$2+(58-1)*$AB$3 | AC64: =AB64+$AB$3/2 | AD64: =TEXT(AC64,IF($AB$3<0.1,"0.00",IF($AB$3<1,"0.0","0"))) | AE64: =IF($B$4=0,0,COUNTIFS('계산'!$E$12:$E$761,">="&AB64,'계산'!$E$12:$E$761,"<"&AB64+$AB$3)) | AF64: =IF(AND(ISNUMBER($AO$20),ISNUMBER($AO$18)),$AO$18*$AB$3*NORMDIST(AC64,$AO$19,$AO$20,FALSE),NA()) | AG64: =IF(AND(ISNUMBER($AO$21),ISNUMBER($AO$18)),$AO$18*$AB$3*NORMDIST(AC64,$AO$19,$AO$21,FALSE),NA()) | AH64: =IF(ISNUMBER($AO$15),IF(AND($AO$15>=AB64,$AO$15<AB64+$AB$3),$AB$4,NA()),NA()) | AI64: =IF(ISNUMBER($AO$16),IF(AND($AO$16>=AB64,$AO$16<AB64+$AB$3),$AB$4,NA()),NA()) | AJ64: =IF(ISNUMBER($AO$17),IF(AND($AO$17>=AB64,$AO$17<AB64+$AB$3),$AB$4,NA()),NA())
A65: 54 | B65: =IF(A65<=$B$4,$B$3+A65-1,"") | C65: =IF(B65="","",INDEX(D_LOT,B65)&"") | D65: =IF(B65="","",INDEX(D_SEQ,B65)) | E65: =IF(B65="","",IFERROR(VALUE(INDEX(D_VAL,B65)&""),"")) | F65: =IF(B65="","",F64+(C65<>C64)) | G65: =IF(B65="","",F65&"|"&D65) | AB65: =$AB$2+(59-1)*$AB$3 | AC65: =AB65+$AB$3/2 | AD65: =TEXT(AC65,IF($AB$3<0.1,"0.00",IF($AB$3<1,"0.0","0"))) | AE65: =IF($B$4=0,0,COUNTIFS('계산'!$E$12:$E$761,">="&AB65,'계산'!$E$12:$E$761,"<"&AB65+$AB$3)) | AF65: =IF(AND(ISNUMBER($AO$20),ISNUMBER($AO$18)),$AO$18*$AB$3*NORMDIST(AC65,$AO$19,$AO$20,FALSE),NA()) | AG65: =IF(AND(ISNUMBER($AO$21),ISNUMBER($AO$18)),$AO$18*$AB$3*NORMDIST(AC65,$AO$19,$AO$21,FALSE),NA()) | AH65: =IF(ISNUMBER($AO$15),IF(AND($AO$15>=AB65,$AO$15<AB65+$AB$3),$AB$4,NA()),NA()) | AI65: =IF(ISNUMBER($AO$16),IF(AND($AO$16>=AB65,$AO$16<AB65+$AB$3),$AB$4,NA()),NA()) | AJ65: =IF(ISNUMBER($AO$17),IF(AND($AO$17>=AB65,$AO$17<AB65+$AB$3),$AB$4,NA()),NA())
A66: 55 | B66: =IF(A66<=$B$4,$B$3+A66-1,"") | C66: =IF(B66="","",INDEX(D_LOT,B66)&"") | D66: =IF(B66="","",INDEX(D_SEQ,B66)) | E66: =IF(B66="","",IFERROR(VALUE(INDEX(D_VAL,B66)&""),"")) | F66: =IF(B66="","",F65+(C66<>C65)) | G66: =IF(B66="","",F66&"|"&D66) | AB66: =$AB$2+(60-1)*$AB$3 | AC66: =AB66+$AB$3/2 | AD66: =TEXT(AC66,IF($AB$3<0.1,"0.00",IF($AB$3<1,"0.0","0"))) | AE66: =IF($B$4=0,0,COUNTIFS('계산'!$E$12:$E$761,">="&AB66,'계산'!$E$12:$E$761,"<"&AB66+$AB$3)) | AF66: =IF(AND(ISNUMBER($AO$20),ISNUMBER($AO$18)),$AO$18*$AB$3*NORMDIST(AC66,$AO$19,$AO$20,FALSE),NA()) | AG66: =IF(AND(ISNUMBER($AO$21),ISNUMBER($AO$18)),$AO$18*$AB$3*NORMDIST(AC66,$AO$19,$AO$21,FALSE),NA()) | AH66: =IF(ISNUMBER($AO$15),IF(AND($AO$15>=AB66,$AO$15<AB66+$AB$3),$AB$4,NA()),NA()) | AI66: =IF(ISNUMBER($AO$16),IF(AND($AO$16>=AB66,$AO$16<AB66+$AB$3),$AB$4,NA()),NA()) | AJ66: =IF(ISNUMBER($AO$17),IF(AND($AO$17>=AB66,$AO$17<AB66+$AB$3),$AB$4,NA()),NA())
A67: 56 | B67: =IF(A67<=$B$4,$B$3+A67-1,"") | C67: =IF(B67="","",INDEX(D_LOT,B67)&"") | D67: =IF(B67="","",INDEX(D_SEQ,B67)) | E67: =IF(B67="","",IFERROR(VALUE(INDEX(D_VAL,B67)&""),"")) | F67: =IF(B67="","",F66+(C67<>C66)) | G67: =IF(B67="","",F67&"|"&D67) | AB67: =$AB$2+(61-1)*$AB$3 | AC67: =AB67+$AB$3/2 | AD67: =TEXT(AC67,IF($AB$3<0.1,"0.00",IF($AB$3<1,"0.0","0"))) | AE67: =IF($B$4=0,0,COUNTIFS('계산'!$E$12:$E$761,">="&AB67,'계산'!$E$12:$E$761,"<"&AB67+$AB$3)) | AF67: =IF(AND(ISNUMBER($AO$20),ISNUMBER($AO$18)),$AO$18*$AB$3*NORMDIST(AC67,$AO$19,$AO$20,FALSE),NA()) | AG67: =IF(AND(ISNUMBER($AO$21),ISNUMBER($AO$18)),$AO$18*$AB$3*NORMDIST(AC67,$AO$19,$AO$21,FALSE),NA()) | AH67: =IF(ISNUMBER($AO$15),IF(AND($AO$15>=AB67,$AO$15<AB67+$AB$3),$AB$4,NA()),NA()) | AI67: =IF(ISNUMBER($AO$16),IF(AND($AO$16>=AB67,$AO$16<AB67+$AB$3),$AB$4,NA()),NA()) | AJ67: =IF(ISNUMBER($AO$17),IF(AND($AO$17>=AB67,$AO$17<AB67+$AB$3),$AB$4,NA()),NA())
A68: 57 | B68: =IF(A68<=$B$4,$B$3+A68-1,"") | C68: =IF(B68="","",INDEX(D_LOT,B68)&"") | D68: =IF(B68="","",INDEX(D_SEQ,B68)) | E68: =IF(B68="","",IFERROR(VALUE(INDEX(D_VAL,B68)&""),"")) | F68: =IF(B68="","",F67+(C68<>C67)) | G68: =IF(B68="","",F68&"|"&D68) | AB68: =$AB$2+(62-1)*$AB$3 | AC68: =AB68+$AB$3/2 | AD68: =TEXT(AC68,IF($AB$3<0.1,"0.00",IF($AB$3<1,"0.0","0"))) | AE68: =IF($B$4=0,0,COUNTIFS('계산'!$E$12:$E$761,">="&AB68,'계산'!$E$12:$E$761,"<"&AB68+$AB$3)) | AF68: =IF(AND(ISNUMBER($AO$20),ISNUMBER($AO$18)),$AO$18*$AB$3*NORMDIST(AC68,$AO$19,$AO$20,FALSE),NA()) | AG68: =IF(AND(ISNUMBER($AO$21),ISNUMBER($AO$18)),$AO$18*$AB$3*NORMDIST(AC68,$AO$19,$AO$21,FALSE),NA()) | AH68: =IF(ISNUMBER($AO$15),IF(AND($AO$15>=AB68,$AO$15<AB68+$AB$3),$AB$4,NA()),NA()) | AI68: =IF(ISNUMBER($AO$16),IF(AND($AO$16>=AB68,$AO$16<AB68+$AB$3),$AB$4,NA()),NA()) | AJ68: =IF(ISNUMBER($AO$17),IF(AND($AO$17>=AB68,$AO$17<AB68+$AB$3),$AB$4,NA()),NA())
A69: 58 | B69: =IF(A69<=$B$4,$B$3+A69-1,"") | C69: =IF(B69="","",INDEX(D_LOT,B69)&"") | D69: =IF(B69="","",INDEX(D_SEQ,B69)) | E69: =IF(B69="","",IFERROR(VALUE(INDEX(D_VAL,B69)&""),"")) | F69: =IF(B69="","",F68+(C69<>C68)) | G69: =IF(B69="","",F69&"|"&D69) | AB69: =$AB$2+(63-1)*$AB$3 | AC69: =AB69+$AB$3/2 | AD69: =TEXT(AC69,IF($AB$3<0.1,"0.00",IF($AB$3<1,"0.0","0"))) | AE69: =IF($B$4=0,0,COUNTIFS('계산'!$E$12:$E$761,">="&AB69,'계산'!$E$12:$E$761,"<"&AB69+$AB$3)) | AF69: =IF(AND(ISNUMBER($AO$20),ISNUMBER($AO$18)),$AO$18*$AB$3*NORMDIST(AC69,$AO$19,$AO$20,FALSE),NA()) | AG69: =IF(AND(ISNUMBER($AO$21),ISNUMBER($AO$18)),$AO$18*$AB$3*NORMDIST(AC69,$AO$19,$AO$21,FALSE),NA()) | AH69: =IF(ISNUMBER($AO$15),IF(AND($AO$15>=AB69,$AO$15<AB69+$AB$3),$AB$4,NA()),NA()) | AI69: =IF(ISNUMBER($AO$16),IF(AND($AO$16>=AB69,$AO$16<AB69+$AB$3),$AB$4,NA()),NA()) | AJ69: =IF(ISNUMBER($AO$17),IF(AND($AO$17>=AB69,$AO$17<AB69+$AB$3),$AB$4,NA()),NA())
A70: 59 | B70: =IF(A70<=$B$4,$B$3+A70-1,"") | C70: =IF(B70="","",INDEX(D_LOT,B70)&"") | D70: =IF(B70="","",INDEX(D_SEQ,B70)) | E70: =IF(B70="","",IFERROR(VALUE(INDEX(D_VAL,B70)&""),"")) | F70: =IF(B70="","",F69+(C70<>C69)) | G70: =IF(B70="","",F70&"|"&D70) | AB70: =$AB$2+(64-1)*$AB$3 | AC70: =AB70+$AB$3/2 | AD70: =TEXT(AC70,IF($AB$3<0.1,"0.00",IF($AB$3<1,"0.0","0"))) | AE70: =IF($B$4=0,0,COUNTIFS('계산'!$E$12:$E$761,">="&AB70,'계산'!$E$12:$E$761,"<"&AB70+$AB$3)) | AF70: =IF(AND(ISNUMBER($AO$20),ISNUMBER($AO$18)),$AO$18*$AB$3*NORMDIST(AC70,$AO$19,$AO$20,FALSE),NA()) | AG70: =IF(AND(ISNUMBER($AO$21),ISNUMBER($AO$18)),$AO$18*$AB$3*NORMDIST(AC70,$AO$19,$AO$21,FALSE),NA()) | AH70: =IF(ISNUMBER($AO$15),IF(AND($AO$15>=AB70,$AO$15<AB70+$AB$3),$AB$4,NA()),NA()) | AI70: =IF(ISNUMBER($AO$16),IF(AND($AO$16>=AB70,$AO$16<AB70+$AB$3),$AB$4,NA()),NA()) | AJ70: =IF(ISNUMBER($AO$17),IF(AND($AO$17>=AB70,$AO$17<AB70+$AB$3),$AB$4,NA()),NA())
A71: 60 | B71: =IF(A71<=$B$4,$B$3+A71-1,"") | C71: =IF(B71="","",INDEX(D_LOT,B71)&"") | D71: =IF(B71="","",INDEX(D_SEQ,B71)) | E71: =IF(B71="","",IFERROR(VALUE(INDEX(D_VAL,B71)&""),"")) | F71: =IF(B71="","",F70+(C71<>C70)) | G71: =IF(B71="","",F71&"|"&D71) | AB71: =$AB$2+(65-1)*$AB$3 | AC71: =AB71+$AB$3/2 | AD71: =TEXT(AC71,IF($AB$3<0.1,"0.00",IF($AB$3<1,"0.0","0"))) | AE71: =IF($B$4=0,0,COUNTIFS('계산'!$E$12:$E$761,">="&AB71,'계산'!$E$12:$E$761,"<"&AB71+$AB$3)) | AF71: =IF(AND(ISNUMBER($AO$20),ISNUMBER($AO$18)),$AO$18*$AB$3*NORMDIST(AC71,$AO$19,$AO$20,FALSE),NA()) | AG71: =IF(AND(ISNUMBER($AO$21),ISNUMBER($AO$18)),$AO$18*$AB$3*NORMDIST(AC71,$AO$19,$AO$21,FALSE),NA()) | AH71: =IF(ISNUMBER($AO$15),IF(AND($AO$15>=AB71,$AO$15<AB71+$AB$3),$AB$4,NA()),NA()) | AI71: =IF(ISNUMBER($AO$16),IF(AND($AO$16>=AB71,$AO$16<AB71+$AB$3),$AB$4,NA()),NA()) | AJ71: =IF(ISNUMBER($AO$17),IF(AND($AO$17>=AB71,$AO$17<AB71+$AB$3),$AB$4,NA()),NA())
A72: 61 | B72: =IF(A72<=$B$4,$B$3+A72-1,"") | C72: =IF(B72="","",INDEX(D_LOT,B72)&"") | D72: =IF(B72="","",INDEX(D_SEQ,B72)) | E72: =IF(B72="","",IFERROR(VALUE(INDEX(D_VAL,B72)&""),"")) | F72: =IF(B72="","",F71+(C72<>C71)) | G72: =IF(B72="","",F72&"|"&D72) | AB72: =$AB$2+(66-1)*$AB$3 | AC72: =AB72+$AB$3/2 | AD72: =TEXT(AC72,IF($AB$3<0.1,"0.00",IF($AB$3<1,"0.0","0"))) | AE72: =IF($B$4=0,0,COUNTIFS('계산'!$E$12:$E$761,">="&AB72,'계산'!$E$12:$E$761,"<"&AB72+$AB$3)) | AF72: =IF(AND(ISNUMBER($AO$20),ISNUMBER($AO$18)),$AO$18*$AB$3*NORMDIST(AC72,$AO$19,$AO$20,FALSE),NA()) | AG72: =IF(AND(ISNUMBER($AO$21),ISNUMBER($AO$18)),$AO$18*$AB$3*NORMDIST(AC72,$AO$19,$AO$21,FALSE),NA()) | AH72: =IF(ISNUMBER($AO$15),IF(AND($AO$15>=AB72,$AO$15<AB72+$AB$3),$AB$4,NA()),NA()) | AI72: =IF(ISNUMBER($AO$16),IF(AND($AO$16>=AB72,$AO$16<AB72+$AB$3),$AB$4,NA()),NA()) | AJ72: =IF(ISNUMBER($AO$17),IF(AND($AO$17>=AB72,$AO$17<AB72+$AB$3),$AB$4,NA()),NA())
A73: 62 | B73: =IF(A73<=$B$4,$B$3+A73-1,"") | C73: =IF(B73="","",INDEX(D_LOT,B73)&"") | D73: =IF(B73="","",INDEX(D_SEQ,B73)) | E73: =IF(B73="","",IFERROR(VALUE(INDEX(D_VAL,B73)&""),"")) | F73: =IF(B73="","",F72+(C73<>C72)) | G73: =IF(B73="","",F73&"|"&D73) | AB73: =$AB$2+(67-1)*$AB$3 | AC73: =AB73+$AB$3/2 | AD73: =TEXT(AC73,IF($AB$3<0.1,"0.00",IF($AB$3<1,"0.0","0"))) | AE73: =IF($B$4=0,0,COUNTIFS('계산'!$E$12:$E$761,">="&AB73,'계산'!$E$12:$E$761,"<"&AB73+$AB$3)) | AF73: =IF(AND(ISNUMBER($AO$20),ISNUMBER($AO$18)),$AO$18*$AB$3*NORMDIST(AC73,$AO$19,$AO$20,FALSE),NA()) | AG73: =IF(AND(ISNUMBER($AO$21),ISNUMBER($AO$18)),$AO$18*$AB$3*NORMDIST(AC73,$AO$19,$AO$21,FALSE),NA()) | AH73: =IF(ISNUMBER($AO$15),IF(AND($AO$15>=AB73,$AO$15<AB73+$AB$3),$AB$4,NA()),NA()) | AI73: =IF(ISNUMBER($AO$16),IF(AND($AO$16>=AB73,$AO$16<AB73+$AB$3),$AB$4,NA()),NA()) | AJ73: =IF(ISNUMBER($AO$17),IF(AND($AO$17>=AB73,$AO$17<AB73+$AB$3),$AB$4,NA()),NA())
A74: 63 | B74: =IF(A74<=$B$4,$B$3+A74-1,"") | C74: =IF(B74="","",INDEX(D_LOT,B74)&"") | D74: =IF(B74="","",INDEX(D_SEQ,B74)) | E74: =IF(B74="","",IFERROR(VALUE(INDEX(D_VAL,B74)&""),"")) | F74: =IF(B74="","",F73+(C74<>C73)) | G74: =IF(B74="","",F74&"|"&D74) | AB74: =$AB$2+(68-1)*$AB$3 | AC74: =AB74+$AB$3/2 | AD74: =TEXT(AC74,IF($AB$3<0.1,"0.00",IF($AB$3<1,"0.0","0"))) | AE74: =IF($B$4=0,0,COUNTIFS('계산'!$E$12:$E$761,">="&AB74,'계산'!$E$12:$E$761,"<"&AB74+$AB$3)) | AF74: =IF(AND(ISNUMBER($AO$20),ISNUMBER($AO$18)),$AO$18*$AB$3*NORMDIST(AC74,$AO$19,$AO$20,FALSE),NA()) | AG74: =IF(AND(ISNUMBER($AO$21),ISNUMBER($AO$18)),$AO$18*$AB$3*NORMDIST(AC74,$AO$19,$AO$21,FALSE),NA()) | AH74: =IF(ISNUMBER($AO$15),IF(AND($AO$15>=AB74,$AO$15<AB74+$AB$3),$AB$4,NA()),NA()) | AI74: =IF(ISNUMBER($AO$16),IF(AND($AO$16>=AB74,$AO$16<AB74+$AB$3),$AB$4,NA()),NA()) | AJ74: =IF(ISNUMBER($AO$17),IF(AND($AO$17>=AB74,$AO$17<AB74+$AB$3),$AB$4,NA()),NA())
A75: 64 | B75: =IF(A75<=$B$4,$B$3+A75-1,"") | C75: =IF(B75="","",INDEX(D_LOT,B75)&"") | D75: =IF(B75="","",INDEX(D_SEQ,B75)) | E75: =IF(B75="","",IFERROR(VALUE(INDEX(D_VAL,B75)&""),"")) | F75: =IF(B75="","",F74+(C75<>C74)) | G75: =IF(B75="","",F75&"|"&D75) | AB75: =$AB$2+(69-1)*$AB$3 | AC75: =AB75+$AB$3/2 | AD75: =TEXT(AC75,IF($AB$3<0.1,"0.00",IF($AB$3<1,"0.0","0"))) | AE75: =IF($B$4=0,0,COUNTIFS('계산'!$E$12:$E$761,">="&AB75,'계산'!$E$12:$E$761,"<"&AB75+$AB$3)) | AF75: =IF(AND(ISNUMBER($AO$20),ISNUMBER($AO$18)),$AO$18*$AB$3*NORMDIST(AC75,$AO$19,$AO$20,FALSE),NA()) | AG75: =IF(AND(ISNUMBER($AO$21),ISNUMBER($AO$18)),$AO$18*$AB$3*NORMDIST(AC75,$AO$19,$AO$21,FALSE),NA()) | AH75: =IF(ISNUMBER($AO$15),IF(AND($AO$15>=AB75,$AO$15<AB75+$AB$3),$AB$4,NA()),NA()) | AI75: =IF(ISNUMBER($AO$16),IF(AND($AO$16>=AB75,$AO$16<AB75+$AB$3),$AB$4,NA()),NA()) | AJ75: =IF(ISNUMBER($AO$17),IF(AND($AO$17>=AB75,$AO$17<AB75+$AB$3),$AB$4,NA()),NA())
A76: 65 | B76: =IF(A76<=$B$4,$B$3+A76-1,"") | C76: =IF(B76="","",INDEX(D_LOT,B76)&"") | D76: =IF(B76="","",INDEX(D_SEQ,B76)) | E76: =IF(B76="","",IFERROR(VALUE(INDEX(D_VAL,B76)&""),"")) | F76: =IF(B76="","",F75+(C76<>C75)) | G76: =IF(B76="","",F76&"|"&D76) | AB76: =$AB$2+(70-1)*$AB$3 | AC76: =AB76+$AB$3/2 | AD76: =TEXT(AC76,IF($AB$3<0.1,"0.00",IF($AB$3<1,"0.0","0"))) | AE76: =IF($B$4=0,0,COUNTIFS('계산'!$E$12:$E$761,">="&AB76,'계산'!$E$12:$E$761,"<"&AB76+$AB$3)) | AF76: =IF(AND(ISNUMBER($AO$20),ISNUMBER($AO$18)),$AO$18*$AB$3*NORMDIST(AC76,$AO$19,$AO$20,FALSE),NA()) | AG76: =IF(AND(ISNUMBER($AO$21),ISNUMBER($AO$18)),$AO$18*$AB$3*NORMDIST(AC76,$AO$19,$AO$21,FALSE),NA()) | AH76: =IF(ISNUMBER($AO$15),IF(AND($AO$15>=AB76,$AO$15<AB76+$AB$3),$AB$4,NA()),NA()) | AI76: =IF(ISNUMBER($AO$16),IF(AND($AO$16>=AB76,$AO$16<AB76+$AB$3),$AB$4,NA()),NA()) | AJ76: =IF(ISNUMBER($AO$17),IF(AND($AO$17>=AB76,$AO$17<AB76+$AB$3),$AB$4,NA()),NA())
A77: 66 | B77: =IF(A77<=$B$4,$B$3+A77-1,"") | C77: =IF(B77="","",INDEX(D_LOT,B77)&"") | D77: =IF(B77="","",INDEX(D_SEQ,B77)) | E77: =IF(B77="","",IFERROR(VALUE(INDEX(D_VAL,B77)&""),"")) | F77: =IF(B77="","",F76+(C77<>C76)) | G77: =IF(B77="","",F77&"|"&D77) | AB77: =$AB$2+(71-1)*$AB$3 | AC77: =AB77+$AB$3/2 | AD77: =TEXT(AC77,IF($AB$3<0.1,"0.00",IF($AB$3<1,"0.0","0"))) | AE77: =IF($B$4=0,0,COUNTIFS('계산'!$E$12:$E$761,">="&AB77,'계산'!$E$12:$E$761,"<"&AB77+$AB$3)) | AF77: =IF(AND(ISNUMBER($AO$20),ISNUMBER($AO$18)),$AO$18*$AB$3*NORMDIST(AC77,$AO$19,$AO$20,FALSE),NA()) | AG77: =IF(AND(ISNUMBER($AO$21),ISNUMBER($AO$18)),$AO$18*$AB$3*NORMDIST(AC77,$AO$19,$AO$21,FALSE),NA()) | AH77: =IF(ISNUMBER($AO$15),IF(AND($AO$15>=AB77,$AO$15<AB77+$AB$3),$AB$4,NA()),NA()) | AI77: =IF(ISNUMBER($AO$16),IF(AND($AO$16>=AB77,$AO$16<AB77+$AB$3),$AB$4,NA()),NA()) | AJ77: =IF(ISNUMBER($AO$17),IF(AND($AO$17>=AB77,$AO$17<AB77+$AB$3),$AB$4,NA()),NA())
A78: 67 | B78: =IF(A78<=$B$4,$B$3+A78-1,"") | C78: =IF(B78="","",INDEX(D_LOT,B78)&"") | D78: =IF(B78="","",INDEX(D_SEQ,B78)) | E78: =IF(B78="","",IFERROR(VALUE(INDEX(D_VAL,B78)&""),"")) | F78: =IF(B78="","",F77+(C78<>C77)) | G78: =IF(B78="","",F78&"|"&D78) | AB78: =$AB$2+(72-1)*$AB$3 | AC78: =AB78+$AB$3/2 | AD78: =TEXT(AC78,IF($AB$3<0.1,"0.00",IF($AB$3<1,"0.0","0"))) | AE78: =IF($B$4=0,0,COUNTIFS('계산'!$E$12:$E$761,">="&AB78,'계산'!$E$12:$E$761,"<"&AB78+$AB$3)) | AF78: =IF(AND(ISNUMBER($AO$20),ISNUMBER($AO$18)),$AO$18*$AB$3*NORMDIST(AC78,$AO$19,$AO$20,FALSE),NA()) | AG78: =IF(AND(ISNUMBER($AO$21),ISNUMBER($AO$18)),$AO$18*$AB$3*NORMDIST(AC78,$AO$19,$AO$21,FALSE),NA()) | AH78: =IF(ISNUMBER($AO$15),IF(AND($AO$15>=AB78,$AO$15<AB78+$AB$3),$AB$4,NA()),NA()) | AI78: =IF(ISNUMBER($AO$16),IF(AND($AO$16>=AB78,$AO$16<AB78+$AB$3),$AB$4,NA()),NA()) | AJ78: =IF(ISNUMBER($AO$17),IF(AND($AO$17>=AB78,$AO$17<AB78+$AB$3),$AB$4,NA()),NA())
A79: 68 | B79: =IF(A79<=$B$4,$B$3+A79-1,"") | C79: =IF(B79="","",INDEX(D_LOT,B79)&"") | D79: =IF(B79="","",INDEX(D_SEQ,B79)) | E79: =IF(B79="","",IFERROR(VALUE(INDEX(D_VAL,B79)&""),"")) | F79: =IF(B79="","",F78+(C79<>C78)) | G79: =IF(B79="","",F79&"|"&D79) | AB79: =$AB$2+(73-1)*$AB$3 | AC79: =AB79+$AB$3/2 | AD79: =TEXT(AC79,IF($AB$3<0.1,"0.00",IF($AB$3<1,"0.0","0"))) | AE79: =IF($B$4=0,0,COUNTIFS('계산'!$E$12:$E$761,">="&AB79,'계산'!$E$12:$E$761,"<"&AB79+$AB$3)) | AF79: =IF(AND(ISNUMBER($AO$20),ISNUMBER($AO$18)),$AO$18*$AB$3*NORMDIST(AC79,$AO$19,$AO$20,FALSE),NA()) | AG79: =IF(AND(ISNUMBER($AO$21),ISNUMBER($AO$18)),$AO$18*$AB$3*NORMDIST(AC79,$AO$19,$AO$21,FALSE),NA()) | AH79: =IF(ISNUMBER($AO$15),IF(AND($AO$15>=AB79,$AO$15<AB79+$AB$3),$AB$4,NA()),NA()) | AI79: =IF(ISNUMBER($AO$16),IF(AND($AO$16>=AB79,$AO$16<AB79+$AB$3),$AB$4,NA()),NA()) | AJ79: =IF(ISNUMBER($AO$17),IF(AND($AO$17>=AB79,$AO$17<AB79+$AB$3),$AB$4,NA()),NA())
A80: 69 | B80: =IF(A80<=$B$4,$B$3+A80-1,"") | C80: =IF(B80="","",INDEX(D_LOT,B80)&"") | D80: =IF(B80="","",INDEX(D_SEQ,B80)) | E80: =IF(B80="","",IFERROR(VALUE(INDEX(D_VAL,B80)&""),"")) | F80: =IF(B80="","",F79+(C80<>C79)) | G80: =IF(B80="","",F80&"|"&D80) | AB80: =$AB$2+(74-1)*$AB$3 | AC80: =AB80+$AB$3/2 | AD80: =TEXT(AC80,IF($AB$3<0.1,"0.00",IF($AB$3<1,"0.0","0"))) | AE80: =IF($B$4=0,0,COUNTIFS('계산'!$E$12:$E$761,">="&AB80,'계산'!$E$12:$E$761,"<"&AB80+$AB$3)) | AF80: =IF(AND(ISNUMBER($AO$20),ISNUMBER($AO$18)),$AO$18*$AB$3*NORMDIST(AC80,$AO$19,$AO$20,FALSE),NA()) | AG80: =IF(AND(ISNUMBER($AO$21),ISNUMBER($AO$18)),$AO$18*$AB$3*NORMDIST(AC80,$AO$19,$AO$21,FALSE),NA()) | AH80: =IF(ISNUMBER($AO$15),IF(AND($AO$15>=AB80,$AO$15<AB80+$AB$3),$AB$4,NA()),NA()) | AI80: =IF(ISNUMBER($AO$16),IF(AND($AO$16>=AB80,$AO$16<AB80+$AB$3),$AB$4,NA()),NA()) | AJ80: =IF(ISNUMBER($AO$17),IF(AND($AO$17>=AB80,$AO$17<AB80+$AB$3),$AB$4,NA()),NA())
A81: 70 | B81: =IF(A81<=$B$4,$B$3+A81-1,"") | C81: =IF(B81="","",INDEX(D_LOT,B81)&"") | D81: =IF(B81="","",INDEX(D_SEQ,B81)) | E81: =IF(B81="","",IFERROR(VALUE(INDEX(D_VAL,B81)&""),"")) | F81: =IF(B81="","",F80+(C81<>C80)) | G81: =IF(B81="","",F81&"|"&D81) | AB81: =$AB$2+(75-1)*$AB$3 | AC81: =AB81+$AB$3/2 | AD81: =TEXT(AC81,IF($AB$3<0.1,"0.00",IF($AB$3<1,"0.0","0"))) | AE81: =IF($B$4=0,0,COUNTIFS('계산'!$E$12:$E$761,">="&AB81,'계산'!$E$12:$E$761,"<"&AB81+$AB$3)) | AF81: =IF(AND(ISNUMBER($AO$20),ISNUMBER($AO$18)),$AO$18*$AB$3*NORMDIST(AC81,$AO$19,$AO$20,FALSE),NA()) | AG81: =IF(AND(ISNUMBER($AO$21),ISNUMBER($AO$18)),$AO$18*$AB$3*NORMDIST(AC81,$AO$19,$AO$21,FALSE),NA()) | AH81: =IF(ISNUMBER($AO$15),IF(AND($AO$15>=AB81,$AO$15<AB81+$AB$3),$AB$4,NA()),NA()) | AI81: =IF(ISNUMBER($AO$16),IF(AND($AO$16>=AB81,$AO$16<AB81+$AB$3),$AB$4,NA()),NA()) | AJ81: =IF(ISNUMBER($AO$17),IF(AND($AO$17>=AB81,$AO$17<AB81+$AB$3),$AB$4,NA()),NA())
A82: 71 | B82: =IF(A82<=$B$4,$B$3+A82-1,"") | C82: =IF(B82="","",INDEX(D_LOT,B82)&"") | D82: =IF(B82="","",INDEX(D_SEQ,B82)) | E82: =IF(B82="","",IFERROR(VALUE(INDEX(D_VAL,B82)&""),"")) | F82: =IF(B82="","",F81+(C82<>C81)) | G82: =IF(B82="","",F82&"|"&D82) | AB82: =$AB$2+(76-1)*$AB$3 | AC82: =AB82+$AB$3/2 | AD82: =TEXT(AC82,IF($AB$3<0.1,"0.00",IF($AB$3<1,"0.0","0"))) | AE82: =IF($B$4=0,0,COUNTIFS('계산'!$E$12:$E$761,">="&AB82,'계산'!$E$12:$E$761,"<"&AB82+$AB$3)) | AF82: =IF(AND(ISNUMBER($AO$20),ISNUMBER($AO$18)),$AO$18*$AB$3*NORMDIST(AC82,$AO$19,$AO$20,FALSE),NA()) | AG82: =IF(AND(ISNUMBER($AO$21),ISNUMBER($AO$18)),$AO$18*$AB$3*NORMDIST(AC82,$AO$19,$AO$21,FALSE),NA()) | AH82: =IF(ISNUMBER($AO$15),IF(AND($AO$15>=AB82,$AO$15<AB82+$AB$3),$AB$4,NA()),NA()) | AI82: =IF(ISNUMBER($AO$16),IF(AND($AO$16>=AB82,$AO$16<AB82+$AB$3),$AB$4,NA()),NA()) | AJ82: =IF(ISNUMBER($AO$17),IF(AND($AO$17>=AB82,$AO$17<AB82+$AB$3),$AB$4,NA()),NA())
A83: 72 | B83: =IF(A83<=$B$4,$B$3+A83-1,"") | C83: =IF(B83="","",INDEX(D_LOT,B83)&"") | D83: =IF(B83="","",INDEX(D_SEQ,B83)) | E83: =IF(B83="","",IFERROR(VALUE(INDEX(D_VAL,B83)&""),"")) | F83: =IF(B83="","",F82+(C83<>C82)) | G83: =IF(B83="","",F83&"|"&D83) | AB83: =$AB$2+(77-1)*$AB$3 | AC83: =AB83+$AB$3/2 | AD83: =TEXT(AC83,IF($AB$3<0.1,"0.00",IF($AB$3<1,"0.0","0"))) | AE83: =IF($B$4=0,0,COUNTIFS('계산'!$E$12:$E$761,">="&AB83,'계산'!$E$12:$E$761,"<"&AB83+$AB$3)) | AF83: =IF(AND(ISNUMBER($AO$20),ISNUMBER($AO$18)),$AO$18*$AB$3*NORMDIST(AC83,$AO$19,$AO$20,FALSE),NA()) | AG83: =IF(AND(ISNUMBER($AO$21),ISNUMBER($AO$18)),$AO$18*$AB$3*NORMDIST(AC83,$AO$19,$AO$21,FALSE),NA()) | AH83: =IF(ISNUMBER($AO$15),IF(AND($AO$15>=AB83,$AO$15<AB83+$AB$3),$AB$4,NA()),NA()) | AI83: =IF(ISNUMBER($AO$16),IF(AND($AO$16>=AB83,$AO$16<AB83+$AB$3),$AB$4,NA()),NA()) | AJ83: =IF(ISNUMBER($AO$17),IF(AND($AO$17>=AB83,$AO$17<AB83+$AB$3),$AB$4,NA()),NA())
A84: 73 | B84: =IF(A84<=$B$4,$B$3+A84-1,"") | C84: =IF(B84="","",INDEX(D_LOT,B84)&"") | D84: =IF(B84="","",INDEX(D_SEQ,B84)) | E84: =IF(B84="","",IFERROR(VALUE(INDEX(D_VAL,B84)&""),"")) | F84: =IF(B84="","",F83+(C84<>C83)) | G84: =IF(B84="","",F84&"|"&D84) | AB84: =$AB$2+(78-1)*$AB$3 | AC84: =AB84+$AB$3/2 | AD84: =TEXT(AC84,IF($AB$3<0.1,"0.00",IF($AB$3<1,"0.0","0"))) | AE84: =IF($B$4=0,0,COUNTIFS('계산'!$E$12:$E$761,">="&AB84,'계산'!$E$12:$E$761,"<"&AB84+$AB$3)) | AF84: =IF(AND(ISNUMBER($AO$20),ISNUMBER($AO$18)),$AO$18*$AB$3*NORMDIST(AC84,$AO$19,$AO$20,FALSE),NA()) | AG84: =IF(AND(ISNUMBER($AO$21),ISNUMBER($AO$18)),$AO$18*$AB$3*NORMDIST(AC84,$AO$19,$AO$21,FALSE),NA()) | AH84: =IF(ISNUMBER($AO$15),IF(AND($AO$15>=AB84,$AO$15<AB84+$AB$3),$AB$4,NA()),NA()) | AI84: =IF(ISNUMBER($AO$16),IF(AND($AO$16>=AB84,$AO$16<AB84+$AB$3),$AB$4,NA()),NA()) | AJ84: =IF(ISNUMBER($AO$17),IF(AND($AO$17>=AB84,$AO$17<AB84+$AB$3),$AB$4,NA()),NA())
A85: 74 | B85: =IF(A85<=$B$4,$B$3+A85-1,"") | C85: =IF(B85="","",INDEX(D_LOT,B85)&"") | D85: =IF(B85="","",INDEX(D_SEQ,B85)) | E85: =IF(B85="","",IFERROR(VALUE(INDEX(D_VAL,B85)&""),"")) | F85: =IF(B85="","",F84+(C85<>C84)) | G85: =IF(B85="","",F85&"|"&D85) | AB85: =$AB$2+(79-1)*$AB$3 | AC85: =AB85+$AB$3/2 | AD85: =TEXT(AC85,IF($AB$3<0.1,"0.00",IF($AB$3<1,"0.0","0"))) | AE85: =IF($B$4=0,0,COUNTIFS('계산'!$E$12:$E$761,">="&AB85,'계산'!$E$12:$E$761,"<"&AB85+$AB$3)) | AF85: =IF(AND(ISNUMBER($AO$20),ISNUMBER($AO$18)),$AO$18*$AB$3*NORMDIST(AC85,$AO$19,$AO$20,FALSE),NA()) | AG85: =IF(AND(ISNUMBER($AO$21),ISNUMBER($AO$18)),$AO$18*$AB$3*NORMDIST(AC85,$AO$19,$AO$21,FALSE),NA()) | AH85: =IF(ISNUMBER($AO$15),IF(AND($AO$15>=AB85,$AO$15<AB85+$AB$3),$AB$4,NA()),NA()) | AI85: =IF(ISNUMBER($AO$16),IF(AND($AO$16>=AB85,$AO$16<AB85+$AB$3),$AB$4,NA()),NA()) | AJ85: =IF(ISNUMBER($AO$17),IF(AND($AO$17>=AB85,$AO$17<AB85+$AB$3),$AB$4,NA()),NA())
A86: 75 | B86: =IF(A86<=$B$4,$B$3+A86-1,"") | C86: =IF(B86="","",INDEX(D_LOT,B86)&"") | D86: =IF(B86="","",INDEX(D_SEQ,B86)) | E86: =IF(B86="","",IFERROR(VALUE(INDEX(D_VAL,B86)&""),"")) | F86: =IF(B86="","",F85+(C86<>C85)) | G86: =IF(B86="","",F86&"|"&D86) | AB86: =$AB$2+(80-1)*$AB$3 | AC86: =AB86+$AB$3/2 | AD86: =TEXT(AC86,IF($AB$3<0.1,"0.00",IF($AB$3<1,"0.0","0"))) | AE86: =IF($B$4=0,0,COUNTIFS('계산'!$E$12:$E$761,">="&AB86,'계산'!$E$12:$E$761,"<="&AB86+$AB$3)) | AF86: =IF(AND(ISNUMBER($AO$20),ISNUMBER($AO$18)),$AO$18*$AB$3*NORMDIST(AC86,$AO$19,$AO$20,FALSE),NA()) | AG86: =IF(AND(ISNUMBER($AO$21),ISNUMBER($AO$18)),$AO$18*$AB$3*NORMDIST(AC86,$AO$19,$AO$21,FALSE),NA()) | AH86: =IF(ISNUMBER($AO$15),IF(AND($AO$15>=AB86,$AO$15<AB86+$AB$3),$AB$4,NA()),NA()) | AI86: =IF(ISNUMBER($AO$16),IF(AND($AO$16>=AB86,$AO$16<AB86+$AB$3),$AB$4,NA()),NA()) | AJ86: =IF(ISNUMBER($AO$17),IF(AND($AO$17>=AB86,$AO$17<AB86+$AB$3),$AB$4,NA()),NA())
A87: 76 | B87: =IF(A87<=$B$4,$B$3+A87-1,"") | C87: =IF(B87="","",INDEX(D_LOT,B87)&"") | D87: =IF(B87="","",INDEX(D_SEQ,B87)) | E87: =IF(B87="","",IFERROR(VALUE(INDEX(D_VAL,B87)&""),"")) | F87: =IF(B87="","",F86+(C87<>C86)) | G87: =IF(B87="","",F87&"|"&D87)
A88: 77 | B88: =IF(A88<=$B$4,$B$3+A88-1,"") | C88: =IF(B88="","",INDEX(D_LOT,B88)&"") | D88: =IF(B88="","",INDEX(D_SEQ,B88)) | E88: =IF(B88="","",IFERROR(VALUE(INDEX(D_VAL,B88)&""),"")) | F88: =IF(B88="","",F87+(C88<>C87)) | G88: =IF(B88="","",F88&"|"&D88)
A89: 78 | B89: =IF(A89<=$B$4,$B$3+A89-1,"") | C89: =IF(B89="","",INDEX(D_LOT,B89)&"") | D89: =IF(B89="","",INDEX(D_SEQ,B89)) | E89: =IF(B89="","",IFERROR(VALUE(INDEX(D_VAL,B89)&""),"")) | F89: =IF(B89="","",F88+(C89<>C88)) | G89: =IF(B89="","",F89&"|"&D89)
A90: 79 | B90: =IF(A90<=$B$4,$B$3+A90-1,"") | C90: =IF(B90="","",INDEX(D_LOT,B90)&"") | D90: =IF(B90="","",INDEX(D_SEQ,B90)) | E90: =IF(B90="","",IFERROR(VALUE(INDEX(D_VAL,B90)&""),"")) | F90: =IF(B90="","",F89+(C90<>C89)) | G90: =IF(B90="","",F90&"|"&D90)
A91: 80 | B91: =IF(A91<=$B$4,$B$3+A91-1,"") | C91: =IF(B91="","",INDEX(D_LOT,B91)&"") | D91: =IF(B91="","",INDEX(D_SEQ,B91)) | E91: =IF(B91="","",IFERROR(VALUE(INDEX(D_VAL,B91)&""),"")) | F91: =IF(B91="","",F90+(C91<>C90)) | G91: =IF(B91="","",F91&"|"&D91)
A92: 81 | B92: =IF(A92<=$B$4,$B$3+A92-1,"") | C92: =IF(B92="","",INDEX(D_LOT,B92)&"") | D92: =IF(B92="","",INDEX(D_SEQ,B92)) | E92: =IF(B92="","",IFERROR(VALUE(INDEX(D_VAL,B92)&""),"")) | F92: =IF(B92="","",F91+(C92<>C91)) | G92: =IF(B92="","",F92&"|"&D92)
A93: 82 | B93: =IF(A93<=$B$4,$B$3+A93-1,"") | C93: =IF(B93="","",INDEX(D_LOT,B93)&"") | D93: =IF(B93="","",INDEX(D_SEQ,B93)) | E93: =IF(B93="","",IFERROR(VALUE(INDEX(D_VAL,B93)&""),"")) | F93: =IF(B93="","",F92+(C93<>C92)) | G93: =IF(B93="","",F93&"|"&D93)
A94: 83 | B94: =IF(A94<=$B$4,$B$3+A94-1,"") | C94: =IF(B94="","",INDEX(D_LOT,B94)&"") | D94: =IF(B94="","",INDEX(D_SEQ,B94)) | E94: =IF(B94="","",IFERROR(VALUE(INDEX(D_VAL,B94)&""),"")) | F94: =IF(B94="","",F93+(C94<>C93)) | G94: =IF(B94="","",F94&"|"&D94)
A95: 84 | B95: =IF(A95<=$B$4,$B$3+A95-1,"") | C95: =IF(B95="","",INDEX(D_LOT,B95)&"") | D95: =IF(B95="","",INDEX(D_SEQ,B95)) | E95: =IF(B95="","",IFERROR(VALUE(INDEX(D_VAL,B95)&""),"")) | F95: =IF(B95="","",F94+(C95<>C94)) | G95: =IF(B95="","",F95&"|"&D95)
A96: 85 | B96: =IF(A96<=$B$4,$B$3+A96-1,"") | C96: =IF(B96="","",INDEX(D_LOT,B96)&"") | D96: =IF(B96="","",INDEX(D_SEQ,B96)) | E96: =IF(B96="","",IFERROR(VALUE(INDEX(D_VAL,B96)&""),"")) | F96: =IF(B96="","",F95+(C96<>C95)) | G96: =IF(B96="","",F96&"|"&D96)
A97: 86 | B97: =IF(A97<=$B$4,$B$3+A97-1,"") | C97: =IF(B97="","",INDEX(D_LOT,B97)&"") | D97: =IF(B97="","",INDEX(D_SEQ,B97)) | E97: =IF(B97="","",IFERROR(VALUE(INDEX(D_VAL,B97)&""),"")) | F97: =IF(B97="","",F96+(C97<>C96)) | G97: =IF(B97="","",F97&"|"&D97)
A98: 87 | B98: =IF(A98<=$B$4,$B$3+A98-1,"") | C98: =IF(B98="","",INDEX(D_LOT,B98)&"") | D98: =IF(B98="","",INDEX(D_SEQ,B98)) | E98: =IF(B98="","",IFERROR(VALUE(INDEX(D_VAL,B98)&""),"")) | F98: =IF(B98="","",F97+(C98<>C97)) | G98: =IF(B98="","",F98&"|"&D98)
... A761: 750 | B761: =IF(A761<=$B$4,$B$3+A761-1,"") | C761: =IF(B761="","",INDEX(D_LOT,B761)&"") | D761: =IF(B761="","",INDEX(D_SEQ,B761)) | E761: =IF(B761="","",IFERROR(VALUE(INDEX(D_VAL,B761)&""),"")) | F761: =IF(B761="","",F760+(C761<>C760)) | G761: =IF(B761="","",F761&"|"&D761)

Sheet 결과기록

Sheet 측정데이터

Sheet 설정 안내
B1: SPC Chart 설정 안내 (처음 한 번만)
B3: 이 파일은 공용 폴더의 두 CSV 를 '결과기록' / '측정데이터' 시트로 불러와 'SPC Chart' 시트를 자동으로 채웁니다.
B4: CSV 는 공정능력 HTML 프로그램의 [결과 저장] 버튼으로 쌓입니다. 폴더: \\AAS-PTK-CERAMIC\ASKR_Production\01_MFG-line\00. 공정관리\01. Element Line\09. 전반\전반\Chip\선행,양산data\2026
B6: 1단계. '결과기록' 연결
B7: ① 메뉴 [데이터] → [새 쿼리] → [기타 원본에서] → [빈 쿼리]
B8: ② 열린 파워 쿼리 편집기에서 [보기] → [고급 편집기] → 내용을 모두 지우고 아래 '결과기록 쿼리' 코드를 붙여넣기 → [완료]
B9: ③ 오른쪽 '쿼리 설정'의 이름을 결과기록 으로 바꾸기
B10: ④ [홈] → [닫기 및 다음으로 로드] → '표' 선택, '기존 워크시트' 선택 → 결과기록 시트의 A1 셀 클릭 → [확인]
B12: 2단계. '측정데이터' 연결
B13: 1단계와 같은 방법으로 아래 '측정데이터 쿼리' 코드를 붙여넣고, 이름은 측정데이터, 로드 위치는 측정데이터 시트의 A1 셀
B15: 3단계. 자동 새로 고침 (두 쿼리 모두)
B16: [데이터] → [연결] (또는 [쿼리 및 연결]) → 쿼리 오른쪽 클릭 → [속성]
... B30: let 경로 = "\\AAS-PTK-CERAMIC\ASKR_Production\01_MFG-line\00. 공정관리\01. Element Line\09. 전반\전반\Chip\선행,양산data\2026\공정능력_측정데이터.csv", 원본 = Csv.Document(File.Contents(경로), [Delimiter=",", Encoding=65001, QuoteStyle=QuoteStyle.Csv]), 머리글 = Table.PromoteHeaders(원본, [PromoteAllScalars=true]), 형식 = Table.TransformColumnTypes(머리글, {{"순번", Int64.Type}, {"값", type number}}, "en-US") in 형식
